Jsc4,Voc4,FF4,Hysteresis4,PCE4
1.0002,1.00013,1.00158,1.02473,1.00031
0.99985,1.00016,1.00161,1.02512,1.00037
0.99981,1.0002,1.00164,1.0255,1.00049
0.99989,1.00026,1.00168,1.02587,1.0007
1.00018,1.00032,1.00171,1.02622,1.00091
1.00082,1.00038,1.00174,1.02657,1.00112
0.99926,1.00044,1.00178,1.0269,1.00136
0.99989,1.00048,1.00181,1.02722,1.0015
0.99986,1.00054,1.00184,1.02752,1.00173
1.00037,1.00058,1.00187,1.02782,1.00194
0.9999,1.00065,1.0019,1.0281,1.00233
1.0006,1.00069,1.00193,1.02837,1.00246
0.99966,1.00072,1.00196,1.02863,1.00256
1.00011,1.00078,1.00199,1.02888,1.00271
0.99975,1.00082,1.00201,1.02912,1.00284
0.99968,1.00088,1.00204,1.02934,1.00306
0.9997,1.00093,1.00207,1.02955,1.00338
0.99956,1.00097,1.00209,1.02975,1.00355
0.99893,1.00102,1.00212,1.02994,1.00373
0.99974,1.00106,1.00215,1.03012,1.00388
0.99946,1.00109,1.00217,1.03028,1.00399
0.99923,1.00114,1.0022,1.03044,1.00419
1.00025,1.00118,1.00222,1.03058,1.00438
0.99976,1.00122,1.00225,1.03071,1.00445
0.99958,1.00126,1.00227,1.03082,1.00453
0.99966,1.00129,1.00229,1.03093,1.00467
0.99955,1.00132,1.00232,1.03102,1.00476
1.00017,1.00136,1.00234,1.0311,1.00497
0.99962,1.00139,1.00236,1.03117,1.00501
1.00035,1.00142,1.00238,1.03123,1.00512
0.99981,1.00147,1.0024,1.03128,1.00521
1.00018,1.00149,1.00243,1.03131,1.00533
1.00039,1.00154,1.00245,1.03133,1.00551
0.99966,1.0016,1.00247,1.03134,1.00569
1.00057,1.00165,1.00249,1.03134,1.00587
1.00076,1.0017,1.00251,1.03133,1.00622
0.9999,1.00174,1.00253,1.0313,1.00641
1.00022,1.00178,1.00255,1.03126,1.00649
0.99922,1.00183,1.00257,1.03122,1.00653
0.9997,1.00186,1.00259,1.03115,1.00648
1.00008,1.00189,1.00261,1.03108,1.00657
0.99947,1.00194,1.00263,1.031,1.0066
0.99989,1.00196,1.00264,1.0309,1.00659
0.99961,1.00197,1.00266,1.03079,1.00657
0.99988,1.00202,1.00268,1.03067,1.00663
0.99964,1.00204,1.0027,1.03054,1.0066
0.99941,1.00206,1.00272,1.03039,1.00652
1.00036,1.00209,1.00273,1.03024,1.00657
1.00004,1.00213,1.00275,1.02961,1.00662
1.00023,1.00216,1.00277,1.0291,1.00661
1.00039,1.00217,1.00278,1.02858,1.00658
1.00015,1.00219,1.0028,1.02813,1.00655
1.00026,1.00224,1.00282,1.02766,1.00657
1.00064,1.00227,1.00283,1.02729,1.00658
1.00089,1.00229,1.00285,1.02689,1.00658
1.00075,1.00233,1.00286,1.02654,1.0066
1.00086,1.00235,1.00288,1.02607,1.00653
1.00058,1.00239,1.00289,1.02577,1.00651
1.00035,1.00242,1.00291,1.02537,1.00655
1.00066,1.00245,1.00292,1.02502,1.00653
1.00096,1.00246,1.00294,1.02459,1.00651
1.00122,1.0025,1.00295,1.02429,1.00658
1.00123,1.00253,1.00296,1.02391,1.00657
1.00109,1.00256,1.00298,1.0235,1.00672
1.00137,1.00258,1.00299,1.02308,1.00673
1.00171,1.00261,1.003,1.02273,1.00682
1.00144,1.00265,1.00301,1.02251,1.00699
1.00068,1.00269,1.00302,1.02216,1.00709
1.00129,1.0027,1.00304,1.0219,1.00708
1.00095,1.00271,1.00305,1.02152,1.00706
1.00057,1.00274,1.00306,1.02117,1.00712
1.00126,1.00277,1.00307,1.02076,1.00716
1.00061,1.00281,1.00307,1.02044,1.00718
1.00091,1.00281,1.00308,1.02012,1.00714
1.00148,1.00284,1.00309,1.01976,1.00719
1.00077,1.00288,1.0031,1.01945,1.00725
1.00109,1.00292,1.0031,1.01908,1.00733
1.00164,1.00293,1.00311,1.01872,1.00723
1.00042,1.00294,1.00311,1.01837,1.00723
1.00086,1.00295,1.00312,1.01802,1.00723
1.00094,1.00299,1.00312,1.01766,1.00725
1.00153,1.00301,1.00312,1.01738,1.00729
1.00207,1.00303,1.00313,1.01712,1.00731
1.00207,1.00304,1.00313,1.01678,1.00729
1.0021,1.00304,1.00313,1.01649,1.0073
1.00192,1.00305,1.00312,1.01622,1.00727
1.00206,1.00306,1.00312,1.01592,1.00727
1.00153,1.00308,1.00312,1.01567,1.00733
1.00151,1.00311,1.00311,1.01531,1.0074
1.00229,1.00313,1.00311,1.01493,1.00746
1.00213,1.00315,1.0031,1.01469,1.00749
1.00135,1.00315,1.0031,1.01442,1.00748
1.002,1.0032,1.00309,1.01415,1.00759
1.00198,1.0032,1.00309,1.01397,1.0076
1.00201,1.00322,1.00308,1.01371,1.00765
1.00147,1.00324,1.00308,1.01335,1.00773
1.00193,1.00327,1.0031,1.01304,1.00781
1.00211,1.00329,1.00312,1.01279,1.00786
1.00196,1.00331,1.00314,1.01246,1.00789
1.00116,1.00336,1.00316,1.01202,1.00809
1.00164,1.00341,1.00319,1.01174,1.00816
1.00209,1.00346,1.00321,1.01145,1.00829
1.00219,1.00351,1.00324,1.01122,1.00844
1.00173,1.00356,1.00326,1.01096,1.0086
1.00172,1.00357,1.00329,1.01067,1.00862
1.00229,1.00361,1.00332,1.01039,1.00872
1.00222,1.00361,1.00335,1.01012,1.00877
1.00193,1.00364,1.00339,1.00986,1.00886
1.00177,1.00369,1.00342,1.00955,1.00899
1.00179,1.00372,1.00345,1.00932,1.00911
1.00185,1.00374,1.00349,1.00905,1.00917
1.00206,1.00376,1.00352,1.00875,1.00908
1.00211,1.0038,1.00356,1.0085,1.00922
1.00149,1.00385,1.0036,1.0083,1.00938
1.00144,1.00387,1.00364,1.00802,1.00948
1.00162,1.00389,1.00367,1.00777,1.00955
1.00147,1.00391,1.00371,1.00748,1.00963
1.00167,1.00391,1.00375,1.00724,1.00959
1.00138,1.00393,1.00379,1.00695,1.00964
1.00114,1.00396,1.00383,1.00669,1.00977
1.00165,1.00397,1.00387,1.00647,1.00976
1.00146,1.00399,1.00391,1.00625,1.00984
1.00141,1.00399,1.00395,1.00601,1.00985
1.00125,1.004,1.00399,1.00581,1.0099
1.0018,1.00405,1.00403,1.00562,1.01009
1.00136,1.00406,1.00407,1.0055,1.01015
1.00088,1.0041,1.0041,1.00524,1.01026
1.00053,1.00412,1.00414,1.005,1.0103
1.0008,1.00415,1.00418,1.00482,1.01033
1.0006,1.00417,1.00422,1.0045,1.01036
1.00135,1.00418,1.00425,1.00426,1.01037
1.00097,1.00422,1.00429,1.00411,1.01048
1.0009,1.00426,1.00432,1.00387,1.01064
1.00131,1.0043,1.00436,1.00368,1.01073
1.00082,1.0043,1.00439,1.00341,1.01093
1.00097,1.00433,1.00442,1.00314,1.01114
1.00034,1.00434,1.00445,1.00291,1.01093
1.00055,1.00437,1.00448,1.00266,1.01086
1.00104,1.0044,1.00451,1.00246,1.01089
1.00073,1.00442,1.00454,1.0022,1.01093
1.00079,1.00446,1.00457,1.00195,1.01101
1.0006,1.00449,1.00459,1.00167,1.011
1.00115,1.00451,1.00462,1.00142,1.01101
1.00079,1.00454,1.00464,1.00118,1.01106
1.00089,1.00458,1.00466,1.00099,1.01113
1.00096,1.0046,1.00468,1.00078,1.01119
1.00071,1.00461,1.0047,1.0006,1.0112
1.00087,1.00465,1.00472,1.00044,1.01128
1.0011,1.00467,1.00473,1.0002,1.01134
1.00152,1.00466,1.00475,0.99999,1.01128
1.00186,1.00467,1.00476,0.99979,1.01125
1.00134,1.00468,1.00477,0.99977,1.01126
1.00158,1.00472,1.00478,0.99952,1.01139
1.00152,1.00475,1.00479,0.9993,1.01146
1.00156,1.00474,1.0048,0.99913,1.01144
1.00128,1.00478,1.0048,0.99886,1.01152
1.00153,1.0048,1.00481,0.99868,1.01155
1.00128,1.00481,1.00481,0.99857,1.01159
1.00167,1.00482,1.00481,0.99835,1.01163
1.00183,1.0048,1.00481,0.99816,1.01154
1.00141,1.00482,1.00481,0.99789,1.01158
1.00182,1.00482,1.00481,0.99763,1.01162
1.00154,1.00484,1.00481,0.99744,1.01165
1.00134,1.00485,1.0048,0.99723,1.01172
1.00167,1.00482,1.0048,0.99699,1.01151
1.00122,1.00482,1.00479,0.99678,1.01146
1.00175,1.0048,1.00478,0.99661,1.01138
1.00107,1.00481,1.00478,0.99632,1.01126
1.00107,1.00479,1.00477,0.99615,1.01115
1.00107,1.00479,1.00476,0.99585,1.0112
1.00116,1.0048,1.00474,0.99561,1.01119
1.00126,1.00481,1.00473,0.99546,1.0112
1.00113,1.00483,1.00472,0.99527,1.01124
1.00182,1.00484,1.00471,0.99511,1.01125
1.00199,1.00487,1.00469,0.99496,1.01131
1.00171,1.00487,1.00468,0.99485,1.01132
1.00109,1.00488,1.00466,0.99489,1.01133
1.00187,1.00488,1.00464,0.99464,1.01132
1.0017,1.00488,1.00463,0.99449,1.01132
1.00121,1.00487,1.00461,0.9943,1.01132
1.0015,1.0049,1.00459,0.99404,1.01139
1.00193,1.00491,1.00457,0.99383,1.01146
1.00185,1.00493,1.00455,0.99364,1.01146
1.00172,1.00495,1.00453,0.99339,1.01145
1.00213,1.00497,1.00451,0.99313,1.01147
1.0017,1.005,1.00449,0.99295,1.01151
1.00232,1.00499,1.00447,0.99264,1.01148
1.00249,1.00502,1.00445,0.99235,1.01155
1.00221,1.00503,1.00443,0.99214,1.01162
1.00216,1.00503,1.00441,0.99197,1.01162
1.00199,1.00503,1.00439,0.99178,1.01156
1.00281,1.00505,1.00437,0.99153,1.01162
1.00195,1.00508,1.00435,0.99133,1.01164
1.00195,1.00504,1.00433,0.99117,1.01146
1.00221,1.00507,1.00431,0.99096,1.01146
1.00224,1.00506,1.00429,0.99071,1.01137
1.00183,1.00509,1.00427,0.99053,1.01138
1.00196,1.00509,1.00425,0.99035,1.01128
1.00172,1.00512,1.00423,0.99016,1.01133
1.00201,1.00515,1.00421,0.98995,1.01138
1.0019,1.00513,1.00419,0.98979,1.01121
1.00246,1.00514,1.00417,0.98952,1.01121
1.00205,1.00515,1.00415,0.98937,1.01126
1.00208,1.00513,1.00413,0.98913,1.01124
1.0019,1.00514,1.00411,0.98897,1.01127
1.00162,1.00517,1.00409,0.98875,1.01134
1.00183,1.00513,1.00408,0.98861,1.01115
1.00126,1.00513,1.00406,0.98845,1.01105
1.00163,1.00514,1.00404,0.98829,1.01101
1.00148,1.00515,1.00402,0.98807,1.01101
1.00175,1.00511,1.00401,0.98781,1.0108
1.00147,1.00514,1.00399,0.98767,1.01079
1.00123,1.00515,1.00397,0.98753,1.01074
1.00084,1.00514,1.00396,0.98738,1.01064
1.00048,1.00514,1.00394,0.98713,1.01054
1.00115,1.00511,1.00392,0.98698,1.0104
1.00123,1.00513,1.00391,0.98685,1.01043
1.00118,1.0051,1.00389,0.98672,1.0103
1.00117,1.0051,1.00387,0.9864,1.0102
1.00098,1.00512,1.00385,0.98619,1.01023
1.00097,1.00513,1.00384,0.98598,1.0102
1.00121,1.00516,1.00382,0.98583,1.01024
1.00102,1.00516,1.0038,0.98564,1.0102
1.00122,1.00517,1.00378,0.98544,1.01033
1.00132,1.00521,1.00376,0.9852,1.01057
1.0008,1.00519,1.00374,0.98499,1.01044
1.00126,1.0052,1.00372,0.98478,1.01041
1.00043,1.00521,1.00369,0.98457,1.0104
1.00067,1.00525,1.00367,0.98443,1.01048
1.00084,1.00527,1.00364,0.98428,1.0105
1.00085,1.00535,1.00362,0.98412,1.01065
1.00079,1.00537,1.00359,0.98394,1.0109
1.00102,1.00535,1.00356,0.98371,1.01091
1.00071,1.00533,1.00353,0.98363,1.01077
1.00102,1.00535,1.0035,0.98341,1.0108
1.00123,1.00538,1.00347,0.98326,1.01069
1.00129,1.00539,1.00343,0.98312,1.01055
1.00183,1.00542,1.0034,0.98297,1.01054
1.00096,1.00541,1.00336,0.98283,1.01046
1.0013,1.00542,1.00332,0.98265,1.01055
1.0008,1.00541,1.00327,0.98264,1.0105
1.00116,1.00541,1.00323,0.9826,1.01042
1.00111,1.00542,1.00318,0.98256,1.01032
1.00142,1.0054,1.00314,0.98252,1.01014
1.00093,1.0054,1.00309,0.98249,1.01009
1.00074,1.00541,1.00303,0.98231,1.01005
1.00135,1.00541,1.00298,0.98223,1.00994
1.00087,1.00541,1.00292,0.98207,1.0099
1.00123,1.00542,1.00286,0.98195,1.00986
1.00152,1.00539,1.0028,0.9819,1.00967
1.00102,1.00542,1.00274,0.98185,1.00969
1.00135,1.00545,1.00267,0.98172,1.0097
1.00152,1.00549,1.0026,0.98145,1.00972
1.00112,1.00549,1.00253,0.98141,1.00966
1.0013,1.0055,1.00246,0.98135,1.00971
1.00131,1.00553,1.00238,0.98123,1.00974
1.00184,1.00556,1.00231,0.98107,1.01009
1.00192,1.00556,1.00223,0.98096,1.01007
1.00175,1.00553,1.00214,0.98072,1.00997
1.00144,1.00553,1.00206,0.98055,1.00994
1.00187,1.00556,1.00197,0.98045,1.01002
1.0022,1.00556,1.00189,0.9803,1.00991
1.00167,1.00559,1.0018,0.98017,1.01004
1.00183,1.00558,1.0017,0.97997,1.00995
1.0024,1.00557,1.00161,0.9798,1.00976
1.00203,1.00559,1.00151,0.97977,1.00971
1.00243,1.00558,1.00141,0.97962,1.00957
1.00232,1.0056,1.00131,0.97959,1.00954
1.00109,1.00561,1.00121,0.97947,1.00973
1.00184,1.00564,1.00111,0.97933,1.00974
1.00207,1.00566,1.001,0.97923,1.00962
1.00202,1.00568,1.00089,0.97911,1.00955
1.00144,1.0057,1.00079,0.97902,1.00943
1.00192,1.00568,1.00068,0.97906,1.00921
1.00119,1.00566,1.00057,0.97896,1.00916
1.00241,1.00564,1.00045,0.97875,1.00894
1.00208,1.00562,1.00034,0.97867,1.00878
1.00209,1.0056,1.00023,0.97825,1.00852
1.00191,1.00558,1.00011,0.97819,1.00829
1.00195,1.00558,0.99999,0.97803,1.0081
1.00172,1.00559,0.99988,0.97789,1.00799
1.0013,1.00558,0.99976,0.9778,1.00773
1.00095,1.00551,0.99964,0.9777,1.00725
1.00208,1.00546,0.99952,0.97754,1.00694
1.00216,1.00544,0.9994,0.97744,1.00667
1.00156,1.00541,0.99928,0.97736,1.00641
1.00158,1.00538,0.99916,0.9772,1.00609
1.0021,1.00537,0.99904,0.97708,1.00624
1.00146,1.00537,0.99892,0.97702,1.00649
1.0008,1.0053,0.9988,0.97689,1.00594
1.00122,1.00526,0.99868,0.97665,1.00547
1.00119,1.00522,0.99857,0.97647,1.00506
1.00106,1.00519,0.99845,0.97633,1.0047
1.00105,1.00516,0.99833,0.97625,1.00437
1.00109,1.00516,0.99821,0.97612,1.00413
1.00071,1.00514,0.99809,0.97589,1.00382
1.0006,1.00514,0.99797,0.97584,1.00361
1.00039,1.00511,0.99785,0.97569,1.00331
1.00072,1.00508,0.99774,0.97554,1.00303
0.99947,1.00506,0.99762,0.97541,1.00278
1.00012,1.00503,0.9975,0.97521,1.00255
1.00065,1.00504,0.99739,0.97506,1.00257
1.00003,1.00499,0.99727,0.97489,1.00226
0.99995,1.00497,0.99716,0.97475,1.00203
1.00014,1.00497,0.99704,0.97459,1.00182
1.00077,1.00495,0.99693,0.9743,1.00153
1.00065,1.0049,0.99681,0.97411,1.00121
0.99988,1.00491,0.9967,0.97387,1.00112
0.99947,1.0049,0.99659,0.97372,1.00111
0.99926,1.00488,0.99647,0.9735,1.00127
0.99942,1.00486,0.99636,0.97338,1.00094
0.99956,1.00488,0.99625,0.97322,1.00082
0.99956,1.00483,0.99613,0.97308,1.00059
0.99994,1.00482,0.99602,0.97298,1.00036
0.99971,1.00481,0.99591,0.97283,1.00016
0.99991,1.0048,0.99579,0.97277,0.99995
0.99951,1.00482,0.99568,0.97263,0.99987
0.99961,1.00485,0.99556,0.9725,0.99966
0.99883,1.00486,0.99545,0.97235,0.99955
0.9996,1.00488,0.99533,0.97217,0.99947
0.99917,1.00484,0.99521,0.972,0.99929
0.99905,1.00482,0.9951,0.97195,0.99915
0.99916,1.00483,0.99498,0.9718,0.99937
0.99955,1.00482,0.99486,0.9717,0.99927
0.99881,1.00481,0.99474,0.9716,0.99899
0.99961,1.0048,0.99461,0.97153,0.99873
1.00009,1.00483,0.99449,0.97145,0.99875
0.99983,1.00486,0.99437,0.97127,0.99871
0.99932,1.00482,0.99424,0.97121,0.99852
0.99991,1.00483,0.99412,0.97108,0.99859
0.99945,1.00483,0.99399,0.97095,0.99843
0.99904,1.0048,0.99386,0.97078,0.99856
0.99957,1.00478,0.99373,0.97072,0.99813
0.99938,1.00481,0.9936,0.97067,0.99801
0.99984,1.00482,0.99347,0.97039,0.99786
0.99982,1.00479,0.99334,0.97031,0.99769
0.99953,1.00479,0.99321,0.97015,0.99763
0.99998,1.00483,0.99308,0.97008,0.99814
0.99968,1.0048,0.99294,0.96991,0.99809
0.9994,1.00481,0.99281,0.96988,0.99821
0.99981,1.00482,0.99267,0.96984,0.99861
0.99954,1.00487,0.99254,0.96959,0.99871
1.00007,1.00487,0.9924,0.96948,0.99853
1.00007,1.00486,0.99227,0.96938,0.99851
0.99986,1.0049,0.99213,0.96916,0.99842
0.99952,1.00487,0.99199,0.96905,0.99808
1.00008,1.00492,0.99185,0.96902,0.99807
0.99952,1.0049,0.99172,0.96876,0.99786
0.9996,1.0049,0.99158,0.96863,0.99763
0.99989,1.0049,0.99145,0.96852,0.99742
0.99988,1.00495,0.99131,0.96843,0.99739
0.99952,1.00494,0.99117,0.96817,0.99735
0.99999,1.00496,0.99104,0.96813,0.99725
1,1.00497,0.99091,0.968,0.99718
0.99937,1.00496,0.99077,0.96786,0.9972
0.99935,1.00503,0.99064,0.96772,0.99806
0.99946,1.00507,0.99051,0.96749,0.99826
0.99941,1.00502,0.99038,0.96745,0.99763
0.99986,1.005,0.99026,0.96722,0.99745
0.99954,1.00504,0.99013,0.96704,0.99738
0.99986,1.00501,0.99001,0.96703,0.99691
1.00008,1.005,0.98989,0.96691,0.99651
0.99931,1.00501,0.98977,0.96688,0.99617
0.99971,1.00502,0.98965,0.96677,0.99576
0.9999,1.00502,0.98954,0.96685,0.99544
0.9998,1.00505,0.98943,0.96687,0.99576
0.99922,1.00501,0.98932,0.96665,0.99533
0.99991,1.00505,0.98921,0.96655,0.99513
1.00002,1.00504,0.98911,0.96647,0.99482
1.00003,1.00498,0.98901,0.96647,0.99411
0.99909,1.005,0.98892,0.9664,0.99429
0.99953,1.00496,0.98883,0.96633,0.99381
0.99885,1.00495,0.98874,0.96629,0.99346
1.00006,1.00493,0.98865,0.9662,0.99323
0.99908,1.00492,0.98857,0.96597,0.99296
0.99996,1.00489,0.9885,0.96593,0.9924
1.0001,1.00488,0.98843,0.96597,0.99221
0.99929,1.00488,0.98836,0.9659,0.99193
0.99943,1.00483,0.9883,0.96591,0.99154
0.99893,1.00479,0.98824,0.96576,0.9913
0.99965,1.00478,0.98819,0.9657,0.99104
0.99906,1.00474,0.98814,0.96553,0.99064
0.99942,1.00472,0.9881,0.96547,0.99038
0.99911,1.00471,0.98807,0.9654,0.99018
0.99919,1.00474,0.98804,0.96523,0.99008
0.99898,1.0047,0.98801,0.96516,0.98987
0.99852,1.0047,0.98799,0.96509,0.98977
0.99824,1.00467,0.98798,0.96501,0.98962
0.99774,1.00467,0.98797,0.9649,0.9895
0.99796,1.00462,0.98797,0.96481,0.98871
0.99628,1.00462,0.98797,0.96454,0.98863
0.99813,1.00464,0.98798,0.96456,0.98861
0.99839,1.00469,0.988,0.96458,0.98874
0.99771,1.00471,0.98802,0.96461,0.98872
0.99742,1.00469,0.98805,0.96454,0.98861
0.99795,1.00467,0.98808,0.96446,0.98855
0.99801,1.00465,0.98813,0.96448,0.9885
0.99756,1.00467,0.98817,0.96447,0.9886
0.99782,1.00467,0.98822,0.96439,0.98875
0.99826,1.0047,0.98828,0.9642,0.98892
0.99741,1.00473,0.98835,0.96409,0.98911
0.99688,1.00472,0.98842,0.96409,0.98917
0.99798,1.00475,0.98849,0.96398,0.98917
0.99749,1.00478,0.98858,0.96415,0.98934
0.99713,1.00482,0.98866,0.96404,0.98954
0.997,1.00485,0.98876,0.96392,0.98974
0.99739,1.00488,0.98886,0.96391,0.98996
0.99722,1.00494,0.98896,0.96381,0.99027
0.99655,1.00497,0.98907,0.96385,0.99051
0.99842,1.00502,0.98919,0.96378,0.99072
0.99756,1.00507,0.98931,0.96382,0.9907
0.99699,1.00511,0.98943,0.96378,0.99098
0.9973,1.00513,0.98956,0.96381,0.99119
0.99695,1.00519,0.9897,0.96369,0.99145
0.99691,1.00522,0.98984,0.96356,0.99177
0.99722,1.00524,0.98998,0.96335,0.99203
0.99721,1.00526,0.99013,0.96326,0.99233
0.99741,1.00528,0.99028,0.96318,0.9926
0.99743,1.00526,0.99043,0.96305,0.99303
0.99653,1.00528,0.99059,0.96295,0.99337
0.99738,1.00529,0.99075,0.96294,0.99368
0.99759,1.00533,0.99092,0.96293,0.99403
0.99682,1.00534,0.99108,0.96282,0.99433
0.99695,1.00531,0.99125,0.96258,0.99442
0.99737,1.00536,0.99143,0.96239,0.995
0.99744,1.00536,0.9916,0.96227,0.99523
0.9974,1.00533,0.99178,0.96216,0.99537
0.99641,1.00534,0.99195,0.96201,0.99561
0.99744,1.00532,0.99213,0.96194,0.99584
0.99687,1.00536,0.99231,0.96188,0.99627
0.99698,1.00536,0.99249,0.96163,0.99642
0.9973,1.00534,0.99267,0.96145,0.99669
0.99741,1.0053,0.99285,0.9613,0.99667
0.9974,1.00536,0.99303,0.96116,0.99721
0.99735,1.00537,0.99321,0.96105,0.9976
0.9969,1.00537,0.99339,0.96101,0.99806
0.998,1.00539,0.99357,0.9609,0.99846
0.99777,1.00538,0.99375,0.96089,0.99882
0.99794,1.00537,0.99392,0.96077,0.9988
0.99743,1.00542,0.9941,0.96066,0.99908
0.99752,1.00542,0.99427,0.96055,0.99916
0.99763,1.0054,0.99444,0.96044,0.99869
0.99771,1.00537,0.99461,0.96045,0.99854
0.99781,1.00535,0.99477,0.96024,0.99868
0.99769,1.00535,0.99493,0.96012,0.99864
0.99743,1.00538,0.99509,0.96012,0.99892
0.99722,1.00544,0.99524,0.95999,0.99937
0.99743,1.00538,0.99539,0.9598,0.99936
0.99703,1.00542,0.99553,0.95982,0.99974
0.9972,1.00544,0.99567,0.95972,1.00001
0.99801,1.00545,0.99581,0.95957,1.00038
0.99706,1.00548,0.99594,0.95943,1.00077
0.99764,1.00553,0.99607,0.95942,1.00103
0.99678,1.00556,0.99619,0.95922,1.00136
0.9974,1.00555,0.99631,0.95913,1.00156
0.99761,1.00561,0.99642,0.95903,1.00182
0.9976,1.00553,0.99652,0.95893,1.00094
0.99745,1.00549,0.99663,0.95895,1.00058
0.99716,1.00553,0.99672,0.95885,1.00074
0.99729,1.00554,0.99681,0.95886,1.00065
0.99833,1.00551,0.9969,0.95888,1.00047
0.99824,1.00553,0.99698,0.95869,1.0006
0.99719,1.00556,0.99706,0.95861,1.00078
0.99764,1.00555,0.99713,0.9585,1.00086
0.99738,1.00551,0.99719,0.95846,1.00089
0.99732,1.0055,0.99726,0.95821,1.00099
0.99707,1.00548,0.99731,0.95814,1.00053
0.99733,1.0055,0.99736,0.95818,1.00073
0.99613,1.00548,0.99741,0.95805,1.00064
0.99712,1.00549,0.99746,0.95781,1.00067
0.99763,1.0055,0.99749,0.95795,1.00068
0.99683,1.00545,0.99753,0.95785,1.00005
0.99696,1.0055,0.99756,0.95785,1.0002
0.99622,1.00548,0.99759,0.9577,1.00011
0.99679,1.00548,0.99761,0.95765,0.99994
0.99595,1.00547,0.99763,0.95755,0.99978
0.9964,1.00552,0.99765,0.95736,0.99985
0.99637,1.00551,0.99766,0.9573,0.99965
0.99659,1.0055,0.99767,0.95748,0.99948
0.99628,1.00554,0.99768,0.95729,0.99947
0.99638,1.00553,0.99769,0.95722,0.99927
0.99579,1.00552,0.99769,0.95728,0.99911
0.996,1.00555,0.99769,0.95743,0.99909
0.99609,1.00555,0.99768,0.95732,0.99898
0.99489,1.00558,0.99768,0.9571,0.99902
0.99604,1.00554,0.99767,0.95656,0.99888
0.99588,1.00558,0.99766,0.9564,0.99897
0.99559,1.00558,0.99765,0.95652,0.99895
0.99465,1.00562,0.99763,0.95638,0.99902
0.99675,1.00562,0.99761,0.95631,0.99868
0.99538,1.00562,0.9976,0.95624,0.99854
0.99504,1.00566,0.99757,0.95638,0.99853
0.99522,1.00562,0.99755,0.95626,0.99835
0.99522,1.00558,0.99753,0.95626,0.99811
0.99547,1.00556,0.9975,0.95622,0.99809
0.99552,1.00557,0.99747,0.95608,0.99821
0.99585,1.00557,0.99744,0.95675,0.99817
0.99552,1.00559,0.99741,0.95663,0.99817
0.99511,1.00557,0.99737,0.95642,0.99805
0.99477,1.00561,0.99734,0.95632,0.99802
0.99511,1.00563,0.9973,0.95653,0.99799
0.99601,1.00564,0.99726,0.95633,0.99794
0.99541,1.0057,0.99722,0.95623,0.99797
0.99568,1.00568,0.99718,0.95615,0.99783
0.99426,1.0057,0.99713,0.95582,0.9978
0.9949,1.00571,0.99709,0.95572,0.99781
0.99437,1.00573,0.99704,0.95598,0.99777
0.99454,1.00571,0.99699,0.95577,0.99762
0.99404,1.00572,0.99694,0.95575,0.99758
0.99508,1.00573,0.99689,0.95564,0.99759
0.99479,1.00571,0.99683,0.95541,0.99754
0.99482,1.00568,0.99677,0.95581,0.99735
0.99467,1.00569,0.99672,0.95556,0.9975
0.99438,1.0057,0.99666,0.95539,0.99748
0.99475,1.0057,0.9966,0.95528,0.99746
0.99509,1.0057,0.99653,0.95515,0.99738
0.9956,1.00566,0.99647,0.95504,0.99727
0.99421,1.00566,0.9964,0.95498,0.99722
0.99505,1.00565,0.99634,0.95484,0.99716
0.99512,1.00563,0.99627,0.95461,0.99699
0.99445,1.00562,0.9962,0.9544,0.99688
0.99495,1.00561,0.99612,0.95424,0.99684
0.99421,1.00555,0.99605,0.954,0.99668
0.99457,1.00554,0.99598,0.95388,0.99662
0.99554,1.0055,0.9959,0.95378,0.99633
0.99537,1.00547,0.99582,0.95378,0.99612
0.99581,1.00545,0.99574,0.95361,0.99608
0.99506,1.00547,0.99566,0.95353,0.99607
0.99507,1.00545,0.99558,0.95339,0.99596
0.99505,1.00546,0.9955,0.95346,0.99666
0.99488,1.00543,0.99542,0.95321,0.99648
0.99548,1.00543,0.99534,0.95317,0.99685
0.99496,1.00543,0.99525,0.95313,0.99684
0.99534,1.00545,0.99517,0.95324,0.99691
0.99527,1.00549,0.99509,0.95322,0.99787
0.99491,1.00542,0.995,0.95308,0.99748
0.99535,1.00541,0.99492,0.95296,0.99741
0.99485,1.00538,0.99483,0.95282,0.99715
0.99497,1.0054,0.99475,0.9528,0.99794
0.99558,1.00539,0.99467,0.9527,0.99856
0.99519,1.00531,0.99458,0.9527,0.99797
0.99555,1.00527,0.9945,0.95274,0.99751
0.99518,1.00524,0.99442,0.95267,0.9971
0.99438,1.00521,0.99433,0.95269,0.99669
0.99524,1.00519,0.99425,0.9527,0.99636
0.99503,1.0052,0.99418,0.95273,0.99616
0.99512,1.00522,0.9941,0.95273,0.99638
0.99556,1.00517,0.99402,0.95278,0.99614
0.99468,1.00516,0.99395,0.95287,0.99599
0.99554,1.00516,0.99387,0.9529,0.99558
0.9949,1.00514,0.9938,0.95302,0.99531
0.99496,1.00513,0.99373,0.95323,0.99492
0.99494,1.00508,0.99367,0.95332,0.99449
0.9944,1.00507,0.9936,0.95332,0.99426
0.99491,1.00503,0.99354,0.95345,0.99388
0.9952,1.00505,0.99349,0.95351,0.99373
0.99501,1.00501,0.99343,0.95353,0.99336
0.9953,1.00502,0.99338,0.95355,0.99314
0.99536,1.00502,0.99334,0.95354,0.99292
0.99516,1.00497,0.99329,0.95354,0.99257
0.99466,1.005,0.99325,0.95353,0.99244
0.99502,1.00503,0.99322,0.95356,0.99234
0.99472,1.00503,0.99319,0.95366,0.99214
0.99442,1.00503,0.99316,0.95366,0.99195
0.99496,1.00503,0.99314,0.95362,0.9918
0.9949,1.00503,0.99312,0.95373,0.9916
0.99428,1.00507,0.9931,0.95372,0.99149
0.99464,1.00503,0.99309,0.95361,0.99115
0.99507,1.00503,0.99309,0.95363,0.99087
0.9942,1.00508,0.99308,0.95372,0.99088
0.99465,1.00506,0.99309,0.95397,0.99072
0.99399,1.00511,0.99309,0.95381,0.99077
0.99348,1.00516,0.9931,0.95376,0.99077
0.9937,1.00517,0.99312,0.9537,0.99064
0.99409,1.00522,0.99314,0.95391,0.99065
0.99398,1.00522,0.99317,0.95401,0.99058
0.99297,1.00521,0.99319,0.9541,0.99049
0.99353,1.00521,0.99323,0.95419,0.99042
0.99276,1.00522,0.99326,0.9542,0.9904
0.99271,1.00522,0.99331,0.95403,0.99038
0.99321,1.00523,0.99335,0.95422,0.99037
0.99251,1.00522,0.9934,0.95429,0.99031
0.99352,1.00523,0.99345,0.95413,0.99035
0.99299,1.00523,0.99351,0.95395,0.9904
0.9922,1.00523,0.99357,0.95394,0.99046
0.99253,1.00523,0.99363,0.95402,0.9905
0.99191,1.00525,0.9937,0.95473,0.99059
0.99277,1.00524,0.99377,0.95502,0.99059
0.99186,1.0052,0.99384,0.9549,0.99049
0.99149,1.00519,0.99392,0.95521,0.99054
0.99306,1.00515,0.994,0.95539,0.99061
0.99279,1.00515,0.99408,0.95563,0.99083
0.99292,1.00514,0.99417,0.9558,0.99092
0.9926,1.00516,0.99426,0.95606,0.99111
0.99313,1.00516,0.99435,0.95623,0.99124
0.99282,1.00517,0.99444,0.9563,0.9913
0.99216,1.00516,0.99453,0.95661,0.99128
0.99189,1.00521,0.99463,0.95598,0.99155
0.99156,1.00524,0.99473,0.95601,0.99178
0.99268,1.00529,0.99483,0.95617,0.99207
0.99298,1.00529,0.99493,0.95621,0.99224
0.9926,1.00533,0.99504,0.95601,0.99253
0.99259,1.0053,0.99514,0.95613,0.99262
0.99173,1.0053,0.99525,0.95624,0.9929
0.99187,1.00534,0.99535,0.95628,0.99328
0.9923,1.00539,0.99546,0.95639,0.99368
0.99215,1.00539,0.99557,0.95645,0.99384
0.99237,1.00538,0.99568,0.9562,0.99411
0.99231,1.00542,0.99579,0.95632,0.99447
0.9923,1.00541,0.9959,0.95633,0.99472
0.99262,1.00537,0.99601,0.95642,0.99484
0.99272,1.0054,0.99612,0.95653,0.9951
0.99205,1.00545,0.99622,0.95595,0.99566
0.99284,1.0054,0.99633,0.95616,0.99556
0.99208,1.00536,0.99644,0.95614,0.99568
0.99265,1.00533,0.99655,0.9562,0.99581
0.99248,1.00529,0.99665,0.95622,0.99593
0.9925,1.00528,0.99676,0.95638,0.99616
0.99301,1.00528,0.99686,0.95633,0.9964
0.99404,1.00526,0.99696,0.95633,0.99669
0.99257,1.00525,0.99706,0.95644,0.99691
0.99235,1.00525,0.99716,0.95643,0.99716
0.99298,1.0052,0.99726,0.95647,0.9973
0.99238,1.0052,0.99735,0.95661,0.99758
0.99354,1.0052,0.99745,0.95661,0.99785
0.99294,1.0052,0.99754,0.95674,0.99815
0.99278,1.00515,0.99762,0.95663,0.99825
0.99282,1.00519,0.99771,0.95676,0.99863
0.99274,1.00516,0.99779,0.95679,0.99892
0.9927,1.00517,0.99787,0.95691,0.99933
0.99286,1.00517,0.99794,0.95684,0.99895
0.99269,1.00516,0.99802,0.95687,0.99957
0.99289,1.00514,0.99809,0.95698,0.99931
0.99321,1.00514,0.99815,0.95692,0.9995
0.99432,1.00508,0.99822,0.95681,0.99949
0.99308,1.00496,0.99828,0.95671,0.99835
0.99265,1.00498,0.99834,0.95673,0.99857
0.99359,1.00493,0.99839,0.95679,0.99851
0.9925,1.00493,0.99844,0.95689,0.99866
0.99342,1.00486,0.99849,0.95688,0.99768
0.99263,1.00477,0.99853,0.95706,0.99642
0.9925,1.0048,0.99857,0.95717,0.99647
0.99372,1.0048,0.99861,0.95723,0.99646
0.99333,1.00483,0.99864,0.9574,0.99652
0.99293,1.00486,0.99867,0.95736,0.99659
0.99276,1.00486,0.9987,0.95746,0.99658
0.99316,1.00483,0.99872,0.95763,0.99652
0.9931,1.00476,0.99874,0.95746,0.99588
0.99283,1.00478,0.99876,0.95743,0.9957
0.99243,1.00481,0.99877,0.95751,0.9956
0.99182,1.00478,0.99878,0.95759,0.99548
0.99328,1.00482,0.99879,0.95756,0.99553
0.99274,1.00483,0.99879,0.95737,0.99559
0.9929,1.00484,0.99879,0.95738,0.99552
0.99334,1.0048,0.99879,0.95747,0.99529
0.99268,1.00485,0.99878,0.9575,0.99539
0.99297,1.00486,0.99877,0.9575,0.9954
0.99201,1.00487,0.99876,0.95742,0.99536
0.99344,1.00488,0.99874,0.95745,0.99532
0.99253,1.00488,0.99872,0.95745,0.99522
0.99191,1.00493,0.9987,0.95747,0.99525
0.99249,1.00493,0.99867,0.95747,0.99513
0.99132,1.00493,0.99864,0.95748,0.99498
0.99255,1.00494,0.9986,0.95737,0.99488
0.99171,1.00491,0.99857,0.95735,0.99466
0.99226,1.00494,0.99853,0.95729,0.99462
0.99124,1.00495,0.99848,0.95732,0.9945
0.99167,1.00498,0.99844,0.95731,0.99462
0.99199,1.005,0.99839,0.95737,0.99461
0.99118,1.00501,0.99834,0.95733,0.99454
0.99098,1.005,0.99828,0.95734,0.99445
0.99251,1.00503,0.99822,0.95727,0.99443
0.99193,1.00504,0.99816,0.95728,0.99434
0.99176,1.00502,0.9981,0.95713,0.99421
0.99149,1.00504,0.99803,0.95735,0.99409
0.99179,1.00504,0.99797,0.95744,0.99397
0.9914,1.00502,0.9979,0.95727,0.99378
0.99098,1.00503,0.99783,0.95574,0.99369
0.99138,1.00501,0.99775,0.95587,0.99353
0.99131,1.00499,0.99768,0.95611,0.99337
0.99109,1.00497,0.9976,0.95636,0.9933
0.99102,1.00499,0.99752,0.95631,0.99328
0.99084,1.00504,0.99744,0.95593,0.99337
0.9913,1.00506,0.99736,0.95606,0.99339
0.99106,1.00504,0.99727,0.9562,0.99338
0.99139,1.00506,0.99719,0.95627,0.99342
0.99017,1.00504,0.9971,0.95652,0.99339
0.9908,1.00502,0.99701,0.95677,0.99339
0.99071,1.00504,0.99693,0.95682,0.99345
0.99118,1.00505,0.99684,0.95701,0.99351
0.9916,1.00507,0.99674,0.95703,0.99359
0.99106,1.00511,0.99665,0.95716,0.99359
0.99106,1.00511,0.99656,0.95714,0.99352
0.99135,1.00513,0.99646,0.95714,0.99359
0.99067,1.0051,0.99637,0.95724,0.99356
0.99073,1.00515,0.99627,0.95721,0.99366
0.9906,1.00516,0.99617,0.95742,0.99372
0.99073,1.00518,0.99607,0.9574,0.99374
0.99069,1.00515,0.99597,0.95754,0.99358
0.99091,1.00515,0.99587,0.95763,0.99352
0.99098,1.00515,0.99577,0.95762,0.99344
0.98993,1.00512,0.99567,0.95781,0.99327
0.99035,1.00511,0.99557,0.95801,0.99318
0.99084,1.00511,0.99546,0.9581,0.99308
0.99076,1.00519,0.99535,0.95821,0.99386
0.99116,1.00524,0.99525,0.9583,0.99451
0.99043,1.0052,0.99514,0.95839,0.99412
0.99095,1.00515,0.99503,0.95857,0.99371
0.99072,1.00508,0.99492,0.95857,0.99328
0.99072,1.00505,0.99481,0.95864,0.99298
0.9904,1.005,0.9947,0.95884,0.99265
0.99178,1.00497,0.99458,0.95885,0.99264
0.99129,1.00493,0.99447,0.95907,0.9926
0.99065,1.00484,0.99436,0.95928,0.99185
0.99147,1.0048,0.99424,0.95932,0.99151
0.99021,1.00478,0.99412,0.9595,0.99121
0.99085,1.00477,0.99401,0.95958,0.99092
0.9909,1.00478,0.99389,0.95956,0.99072
0.99095,1.00476,0.99377,0.9596,0.99041
0.99077,1.00472,0.99365,0.95966,0.99024
0.99105,1.00478,0.99353,0.95969,0.99004
0.99127,1.00471,0.99341,0.95974,0.98965
0.99121,1.00465,0.99329,0.95974,0.98926
0.99148,1.00462,0.99317,0.95977,0.98898
0.99171,1.00461,0.99305,0.95978,0.98908
0.99174,1.0046,0.99293,0.95979,0.98899
0.99143,1.00457,0.99281,0.95978,0.98872
0.99155,1.00456,0.99269,0.95988,0.98847
0.99103,1.00451,0.99257,0.95987,0.98814
0.99139,1.00453,0.99245,0.95973,0.98801
0.99133,1.00448,0.99233,0.9597,0.9877
0.99267,1.00443,0.99221,0.95955,0.98742
0.99068,1.00439,0.9921,0.95955,0.9868
0.99089,1.00435,0.99198,0.95952,0.98649
0.99143,1.0043,0.99187,0.95956,0.98619
0.99181,1.0043,0.99176,0.95951,0.9862
0.99064,1.00429,0.99165,0.95957,0.98602
0.99109,1.00426,0.99154,0.95955,0.98576
0.99111,1.00425,0.99144,0.95962,0.98559
0.99043,1.00426,0.99133,0.95967,0.98543
0.99111,1.00427,0.99123,0.95974,0.9855
0.99112,1.00428,0.99113,0.95971,0.98539
0.99112,1.00426,0.99104,0.95976,0.98526
0.99083,1.00433,0.99094,0.95962,0.98556
0.9907,1.00433,0.99085,0.95956,0.98546
0.9912,1.00431,0.99077,0.9596,0.98529
0.99143,1.00432,0.99068,0.95964,0.98523
0.99152,1.00433,0.9906,0.95946,0.98525
0.99122,1.0044,0.99052,0.95962,0.98552
0.99034,1.00439,0.99045,0.95965,0.98562
0.99118,1.00436,0.99038,0.95957,0.98535
0.99129,1.00437,0.99031,0.95938,0.98531
0.99242,1.00434,0.99025,0.95938,0.98502
0.99079,1.00437,0.99018,0.95948,0.98484
0.98994,1.00441,0.99013,0.95929,0.98473
0.99037,1.00445,0.99008,0.95909,0.98465
0.98971,1.00445,0.99003,0.95891,0.98442
0.99077,1.00446,0.98998,0.9587,0.98437
0.9903,1.00449,0.98994,0.95858,0.98421
0.99011,1.00448,0.9899,0.95846,0.98395
0.98973,1.00447,0.98987,0.95827,0.98379
0.98931,1.00447,0.98984,0.95814,0.98361
0.9889,1.00443,0.98982,0.95803,0.98337
0.98988,1.00439,0.98979,0.95776,0.98316
0.9893,1.0044,0.98978,0.95763,0.98313
0.9889,1.00443,0.98977,0.95747,0.9831
0.98855,1.00443,0.98976,0.95735,0.98308
0.98884,1.00443,0.98975,0.95701,0.98306
0.98946,1.00438,0.98975,0.95697,0.98273
0.98903,1.0044,0.98976,0.95673,0.98271
0.98829,1.00444,0.98976,0.9566,0.98275
0.98932,1.00449,0.98977,0.95649,0.98313
0.98879,1.00451,0.98979,0.95626,0.98319
0.98887,1.0045,0.98981,0.95602,0.98313
0.98801,1.00453,0.98983,0.95605,0.98312
0.98905,1.00453,0.98985,0.95564,0.98312
0.98824,1.00452,0.98988,0.95518,0.98315
0.98871,1.00455,0.98991,0.95507,0.98327
0.9889,1.00458,0.98994,0.95651,0.98341
0.98856,1.00461,0.98998,0.95644,0.9836
0.98924,1.00464,0.99002,0.95627,0.98377
0.98816,1.00467,0.99006,0.95594,0.98389
0.98901,1.00467,0.9901,0.95599,0.98397
0.98818,1.00465,0.99015,0.95643,0.98405
0.98809,1.00461,0.99019,0.95653,0.98404
0.98818,1.00464,0.99024,0.95663,0.98427
0.9891,1.00461,0.99029,0.95673,0.98434
0.98894,1.00463,0.99034,0.95667,0.98452
0.98881,1.00465,0.9904,0.9565,0.98462
0.98911,1.0046,0.99045,0.95659,0.98456
0.98809,1.00462,0.9905,0.95667,0.9847
0.98839,1.00458,0.99055,0.95661,0.98468
0.98885,1.00453,0.99061,0.95673,0.9847
0.98856,1.00452,0.99066,0.95674,0.98481
0.98957,1.00455,0.99071,0.95677,0.98539
0.98856,1.00457,0.99077,0.95672,0.98553
0.9883,1.00456,0.99082,0.95684,0.98561
0.98921,1.0045,0.99087,0.9569,0.98555
0.98939,1.00452,0.99092,0.95695,0.98562
0.98874,1.0045,0.99097,0.95702,0.9857
0.98892,1.00449,0.99101,0.95708,0.98579
0.98871,1.00447,0.99106,0.9572,0.98587
0.98876,1.00448,0.9911,0.95726,0.98605
0.9891,1.00444,0.99115,0.95727,0.98607
0.9893,1.00443,0.99119,0.95735,0.98626
0.98955,1.00429,0.99122,0.9573,0.98536
0.99044,1.00417,0.99126,0.95747,0.98442
0.9891,1.00415,0.9913,0.95755,0.98459
0.98988,1.00415,0.99133,0.95765,0.98468
0.99024,1.00416,0.99136,0.95775,0.9849
0.98979,1.0041,0.99138,0.95783,0.98489
0.98921,1.00409,0.99141,0.95782,0.98506
0.98886,1.00411,0.99143,0.95793,0.98524
0.98915,1.00406,0.99145,0.95804,0.98493
0.98942,1.00408,0.99146,0.95802,0.98522
0.98979,1.00407,0.99148,0.95809,0.98541
0.98986,1.00409,0.99149,0.95815,0.98559
0.98921,1.00408,0.9915,0.95814,0.98577
0.98872,1.00403,0.9915,0.95823,0.98581
0.9897,1.00403,0.9915,0.95823,0.98592
0.98871,1.00403,0.9915,0.95822,0.98581
0.98916,1.00391,0.9915,0.95821,0.98557
0.98948,1.00391,0.99149,0.95827,0.98564
0.9899,1.00391,0.99148,0.95848,0.98571
0.98903,1.00389,0.99147,0.95855,0.98582
0.98886,1.00388,0.99145,0.95856,0.98552
0.98966,1.00382,0.99143,0.95864,0.98522
0.98909,1.00383,0.99141,0.95863,0.98528
0.98989,1.0038,0.99139,0.95861,0.98525
0.98914,1.0038,0.99136,0.95863,0.98546
0.98923,1.00378,0.99134,0.95871,0.98554
0.98875,1.00379,0.9913,0.95876,0.98557
0.99005,1.00377,0.99127,0.95895,0.98553
0.98954,1.00381,0.99124,0.95897,0.98576
0.98934,1.00379,0.9912,0.95903,0.98574
0.98945,1.00377,0.99116,0.95901,0.98569
0.98964,1.00378,0.99112,0.95918,0.98548
0.98914,1.00378,0.99107,0.95923,0.98547
0.98929,1.00381,0.99103,0.95909,0.98555
0.9889,1.00383,0.99098,0.95909,0.98555
0.98896,1.00382,0.99093,0.95917,0.98548
0.98884,1.00384,0.99088,0.95918,0.9853
0.9885,1.00387,0.99083,0.95907,0.98533
0.98952,1.00387,0.99078,0.95912,0.98524
0.98921,1.00382,0.99073,0.95913,0.98484
0.98996,1.00381,0.99067,0.95941,0.98473
0.98948,1.00384,0.99062,0.95962,0.98473
0.99004,1.00385,0.99056,0.95957,0.98475
0.99149,1.00389,0.9905,0.95945,0.98478
0.99042,1.00388,0.99045,0.95934,0.98457
0.99102,1.00387,0.99039,0.95921,0.98429
0.99107,1.00388,0.99033,0.95908,0.98428
0.99049,1.00389,0.99027,0.9589,0.98404
0.99052,1.00393,0.99022,0.95912,0.98402
0.98987,1.00391,0.99016,0.9589,0.9838
0.98915,1.00392,0.9901,0.95882,0.98372
0.98926,1.00393,0.99005,0.95878,0.98369
0.98923,1.00391,0.98999,0.95834,0.98359
0.98875,1.0039,0.98994,0.95848,0.9834
0.98858,1.00389,0.98988,0.95851,0.98332
0.98929,1.0039,0.98983,0.95847,0.98339
0.98956,1.0039,0.98978,0.95811,0.98325
0.98893,1.00388,0.98972,0.9581,0.98307
0.98885,1.00393,0.98967,0.95805,0.98321
0.99001,1.00398,0.98962,0.95798,0.98327
0.9889,1.004,0.98958,0.95813,0.98325
0.99069,1.00401,0.98953,0.95838,0.98316
0.99004,1.00398,0.98948,0.95846,0.98301
0.99022,1.00403,0.98944,0.95857,0.98305
0.98977,1.00407,0.9894,0.95853,0.9831
0.98974,1.00408,0.98936,0.95866,0.98306
0.98929,1.00409,0.98932,0.95862,0.98301
0.9896,1.00408,0.98928,0.9586,0.98257
0.99,1.00408,0.98924,0.95862,0.98242
0.98917,1.00406,0.9892,0.95862,0.98234
0.99002,1.00406,0.98917,0.95853,0.98233
0.9889,1.00407,0.98914,0.95879,0.98235
0.98915,1.00407,0.98911,0.95882,0.98235
0.9893,1.00406,0.98908,0.95876,0.98228
0.98955,1.00405,0.98905,0.95878,0.98224
0.98933,1.00402,0.98902,0.95884,0.98208
0.98985,1.00401,0.989,0.95888,0.9821
0.98963,1.00398,0.98898,0.95895,0.98208
0.98949,1.00397,0.98895,0.95894,0.98209
0.98931,1.00396,0.98894,0.95933,0.9821
0.98905,1.00399,0.98892,0.95937,0.98229
0.98993,1.00396,0.9889,0.95932,0.98221
0.98998,1.00395,0.98888,0.95935,0.98216
0.98922,1.00391,0.98887,0.95937,0.98209
0.98954,1.00391,0.98886,0.95961,0.98228
0.98943,1.00394,0.98885,0.95951,0.98255
0.98956,1.00391,0.98884,0.95941,0.98256
0.98991,1.00391,0.98883,0.95939,0.98269
0.98913,1.00394,0.98883,0.95931,0.98291
0.98969,1.00397,0.98882,0.95944,0.98304
0.99061,1.00393,0.98882,0.95952,0.9825
0.98941,1.00389,0.98882,0.95963,0.98242
0.9895,1.00385,0.98882,0.95965,0.98235
0.99033,1.00387,0.98883,0.95962,0.98245
0.98999,1.00384,0.98883,0.9597,0.98243
0.98938,1.00387,0.98884,0.95966,0.98259
0.98963,1.00387,0.98885,0.95966,0.98269
0.98978,1.0039,0.98886,0.95967,0.98333
0.99034,1.00389,0.98887,0.95955,0.98382
0.98966,1.00389,0.98889,0.95947,0.98389
0.99044,1.00389,0.98891,0.95926,0.98403
0.99002,1.00389,0.98893,0.95936,0.9841
0.99006,1.0039,0.98895,0.95936,0.9842
0.99002,1.00387,0.98897,0.95936,0.98411
0.98986,1.00387,0.98899,0.95924,0.98417
0.98958,1.00387,0.98902,0.95928,0.98414
0.99042,1.0039,0.98905,0.95937,0.98424
0.98956,1.00387,0.98908,0.9595,0.98417
0.98999,1.00382,0.98911,0.95959,0.98381
0.99041,1.00382,0.98915,0.95952,0.98386
0.98993,1.00377,0.98918,0.9596,0.98363
0.98981,1.0038,0.98922,0.95957,0.98359
0.98995,1.0038,0.98926,0.95953,0.98353
0.99,1.00376,0.98931,0.95957,0.98333
0.99021,1.00378,0.98935,0.9596,0.98327
0.98953,1.00378,0.9894,0.95965,0.98327
0.99032,1.00376,0.98945,0.9597,0.98342
0.9901,1.00379,0.9895,0.95975,0.98352
0.98939,1.00377,0.98956,0.95973,0.98365
0.98942,1.00376,0.98962,0.95965,0.98392
0.9897,1.00375,0.98967,0.95951,0.98383
0.98975,1.00375,0.98974,0.9595,0.98384
0.98975,1.00376,0.9898,0.95936,0.98387
0.99005,1.00375,0.98986,0.95936,0.98385
0.98987,1.00376,0.98993,0.95937,0.98385
0.98956,1.00374,0.99,0.95924,0.98359
0.98997,1.00373,0.99007,0.95927,0.98345
0.98915,1.00374,0.99014,0.95914,0.98344
0.98948,1.00374,0.99022,0.95896,0.9835
0.98957,1.00373,0.9903,0.95889,0.98333
0.98921,1.00378,0.99038,0.95887,0.98354
0.98959,1.00381,0.99046,0.9589,0.98357
0.98947,1.00378,0.99054,0.95882,0.98349
0.9889,1.00381,0.99062,0.95866,0.98352
0.9899,1.00378,0.99071,0.9589,0.98337
0.98943,1.00378,0.99079,0.95879,0.98339
0.98897,1.00382,0.99088,0.95873,0.98351
0.98861,1.00382,0.99097,0.95868,0.98354
0.98932,1.00379,0.99106,0.95876,0.98352
0.98914,1.0038,0.99115,0.95859,0.9836
0.9888,1.00381,0.99124,0.95856,0.98362
0.98814,1.00382,0.99133,0.95816,0.98372
0.98853,1.00379,0.99143,0.95779,0.98371
0.98842,1.0038,0.99152,0.95776,0.98371
0.9878,1.0038,0.99161,0.95773,0.98367
0.98844,1.00376,0.99171,0.95771,0.9835
0.98857,1.00379,0.9918,0.9576,0.98348
0.98799,1.00382,0.9919,0.95759,0.98353
0.98741,1.00387,0.99199,0.95773,0.98366
0.98793,1.00388,0.99208,0.95731,0.98376
0.98789,1.0039,0.99218,0.95744,0.98388
0.98815,1.00388,0.99227,0.95736,0.98392
0.98825,1.00388,0.99236,0.95734,0.98397
0.98793,1.0039,0.99245,0.95776,0.98405
0.98827,1.0039,0.99255,0.95759,0.98404
0.98797,1.00391,0.99264,0.9576,0.98405
0.98895,1.00392,0.99272,0.95763,0.98402
0.98735,1.00394,0.99281,0.95798,0.98417
0.98779,1.00399,0.9929,0.95802,0.98439
0.98699,1.00397,0.99298,0.95808,0.98436
0.98761,1.00395,0.99306,0.95826,0.9844
0.98767,1.00394,0.99314,0.95827,0.98445
0.98788,1.00396,0.99322,0.958,0.98466
0.9878,1.00402,0.9933,0.95802,0.98491
0.9886,1.00401,0.99337,0.95794,0.98498
0.98819,1.00402,0.99344,0.95796,0.98513
0.98792,1.00401,0.99351,0.95797,0.98524
0.98809,1.004,0.99358,0.95806,0.98535
0.98714,1.00402,0.99365,0.95808,0.98552
0.987,1.00403,0.99371,0.95813,0.98572
0.98776,1.00408,0.99377,0.95808,0.98598
0.98804,1.00409,0.99382,0.95813,0.98616
0.9876,1.00409,0.99387,0.95799,0.98626
0.98748,1.00407,0.99392,0.958,0.98631
0.98762,1.00405,0.99397,0.9581,0.98645
0.98755,1.00406,0.99401,0.95818,0.98664
0.98762,1.00407,0.99405,0.95819,0.98686
0.98791,1.00406,0.99409,0.9583,0.98696
0.98761,1.00406,0.99412,0.95841,0.98709
0.98811,1.00407,0.99415,0.95842,0.98724
0.98793,1.00408,0.99418,0.9581,0.98739
0.98745,1.00405,0.9942,0.95809,0.98737
0.98792,1.00406,0.99422,0.95816,0.98756
0.98728,1.00408,0.99423,0.95817,0.98783
0.98797,1.00413,0.99424,0.95842,0.98831
0.98824,1.00414,0.99425,0.95829,0.98861
0.98746,1.0041,0.99425,0.95832,0.98839
0.98749,1.00413,0.99425,0.95835,0.98847
0.98737,1.00415,0.99425,0.95838,0.98862
0.98759,1.00413,0.99424,0.95847,0.98855
0.9874,1.00409,0.99423,0.95838,0.98852
0.98823,1.00409,0.99422,0.95841,0.98858
0.98774,1.00408,0.9942,0.95842,0.98858
0.98793,1.00411,0.99418,0.95834,0.98874
0.98767,1.00408,0.99415,0.95836,0.98877
0.98767,1.00411,0.99412,0.95829,0.98893
0.98796,1.00407,0.99409,0.95839,0.9888
0.98785,1.00404,0.99405,0.9584,0.98871
0.98791,1.00395,0.99402,0.95831,0.98794
0.98796,1.00394,0.99398,0.95843,0.98774
0.98801,1.00392,0.99393,0.95857,0.98755
0.98771,1.00393,0.99389,0.95884,0.98727
0.98766,1.00391,0.99384,0.95884,0.987
0.98766,1.0039,0.99379,0.95876,0.98684
0.98853,1.00392,0.99373,0.95883,0.98665
0.98769,1.00391,0.99368,0.95893,0.98646
0.98814,1.00386,0.99362,0.95896,0.98619
0.98784,1.00383,0.99357,0.95896,0.98595
0.98804,1.00385,0.99351,0.95894,0.98592
0.98795,1.00386,0.99345,0.95892,0.98585
0.98746,1.00386,0.99339,0.95885,0.98568
0.98776,1.00386,0.99333,0.95884,0.98554
0.98813,1.00382,0.99326,0.95883,0.9853
0.98854,1.00378,0.9932,0.95882,0.98505
0.98767,1.00382,0.99314,0.9588,0.98514
0.98777,1.00381,0.99307,0.95878,0.98497
0.98792,1.00378,0.99301,0.95868,0.98477
0.98811,1.00375,0.99295,0.95859,0.9844
0.98787,1.00372,0.99289,0.95851,0.98419
0.98817,1.0037,0.99282,0.9585,0.98387
0.98775,1.00371,0.99276,0.95848,0.98346
0.9874,1.00373,0.9927,0.95856,0.98338
0.98774,1.00373,0.99264,0.95855,0.98325
0.98809,1.00376,0.99259,0.95852,0.98316
0.98775,1.00373,0.99253,0.95844,0.98295
0.98755,1.00372,0.99248,0.95845,0.98282
0.98724,1.00373,0.99242,0.95862,0.98272
0.98765,1.0037,0.99238,0.95856,0.9825
0.98722,1.00368,0.99233,0.95856,0.9823
0.987,1.0037,0.99228,0.95866,0.98218
0.9873,1.00367,0.99224,0.95876,0.98197
0.98662,1.00365,0.9922,0.95872,0.98164
0.98702,1.00365,0.99216,0.95862,0.98152
0.98637,1.00368,0.99213,0.95853,0.98147
0.98636,1.00365,0.9921,0.95863,0.98127
0.9864,1.00367,0.99207,0.95853,0.98123
0.98624,1.00364,0.99205,0.95868,0.98107
0.9865,1.00361,0.99203,0.95869,0.98093
0.98652,1.00358,0.99202,0.95877,0.98081
0.98638,1.0036,0.99201,0.95907,0.98078
0.98632,1.0036,0.992,0.95905,0.98071
0.98622,1.00363,0.99199,0.95906,0.98073
0.9859,1.00361,0.992,0.95903,0.98065
0.98656,1.00364,0.992,0.95903,0.98071
0.98662,1.00368,0.99201,0.95884,0.98078
0.9857,1.00368,0.99202,0.95882,0.98077
0.98595,1.00372,0.99204,0.95881,0.98086
0.98633,1.00372,0.99206,0.95886,0.98088
0.98579,1.00369,0.99209,0.95878,0.98084
0.985,1.00369,0.99212,0.95872,0.98087
0.98596,1.00366,0.99215,0.95874,0.98084
0.98579,1.00366,0.99219,0.95849,0.98091
0.9864,1.0037,0.99223,0.95857,0.98105
0.98575,1.00367,0.99228,0.95855,0.98104
0.98593,1.00368,0.99233,0.95848,0.98119
0.98625,1.00366,0.99238,0.95856,0.9812
0.98519,1.0037,0.99244,0.95855,0.98137
0.98608,1.00367,0.9925,0.95843,0.98139
0.98597,1.00368,0.99257,0.95849,0.98151
0.98585,1.00366,0.99263,0.95844,0.98156
0.98559,1.0037,0.9927,0.95842,0.98174
0.98528,1.00374,0.99277,0.95841,0.98195
0.98609,1.00378,0.99285,0.9584,0.98216
0.98564,1.00376,0.99292,0.95843,0.98224
0.98583,1.00375,0.993,0.95843,0.98233
0.98543,1.00378,0.99308,0.95848,0.98255
0.98576,1.0038,0.99317,0.95847,0.98273
0.98542,1.00384,0.99325,0.95848,0.98297
0.98516,1.00388,0.99333,0.95847,0.98323
0.98553,1.00387,0.99342,0.95852,0.98338
0.98573,1.00385,0.9935,0.95856,0.98351
0.98579,1.00386,0.99359,0.95866,0.98367
0.98558,1.00384,0.99367,0.95876,0.98377
0.98598,1.00382,0.99376,0.95871,0.98391
0.98522,1.00383,0.99384,0.95882,0.98411
0.98553,1.00384,0.99392,0.95876,0.98432
0.98517,1.00383,0.99401,0.9588,0.98448
0.98538,1.00387,0.99409,0.95891,0.98476
0.98551,1.00388,0.99417,0.95894,0.98497
0.98586,1.00393,0.99424,0.95891,0.98528
0.98558,1.00393,0.99432,0.95897,0.98548
0.98546,1.00392,0.99439,0.95903,0.98569
0.98569,1.00394,0.99446,0.95909,0.98597
0.98562,1.00393,0.99453,0.95907,0.9861
0.98558,1.00393,0.99459,0.95917,0.98618
0.98589,1.0039,0.99465,0.95907,0.98598
0.98566,1.00386,0.99471,0.95902,0.98569
0.9854,1.00387,0.99476,0.95914,0.98586
0.9854,1.00388,0.99481,0.95925,0.98596
0.98621,1.00387,0.99486,0.95938,0.98589
0.98575,1.00387,0.9949,0.95944,0.98589
0.98538,1.0039,0.99494,0.9595,0.98596
0.98585,1.00388,0.99497,0.95949,0.98591
0.9854,1.00388,0.995,0.95954,0.98592
0.98599,1.00385,0.99503,0.95961,0.98579
0.98593,1.00384,0.99505,0.95967,0.98569
0.98561,1.00381,0.99506,0.95974,0.98551
0.98532,1.00382,0.99507,0.9597,0.98562
0.98538,1.00383,0.99508,0.95974,0.98562
0.98591,1.00387,0.99508,0.95989,0.98579
0.98596,1.00388,0.99507,0.95985,0.98549
0.98554,1.0039,0.99506,0.95978,0.98558
0.98561,1.00389,0.99505,0.95979,0.98565
0.98584,1.00392,0.99503,0.95986,0.98598
0.98556,1.004,0.99501,0.96001,0.98665
0.98587,1.00397,0.99498,0.96002,0.98647
0.98606,1.00395,0.99495,0.96009,0.98634
0.98515,1.00399,0.99491,0.96009,0.98638
0.9853,1.00402,0.99487,0.96009,0.98643
0.9854,1.00399,0.99482,0.96016,0.98611
0.9859,1.00395,0.99477,0.96022,0.9858
0.98515,1.00394,0.99472,0.96037,0.98555
0.98609,1.00393,0.99466,0.96044,0.98533
0.98559,1.00396,0.9946,0.9605,0.98526
0.98575,1.00397,0.99453,0.96049,0.98515
0.98541,1.00393,0.99446,0.9605,0.98489
0.98592,1.00391,0.99439,0.96058,0.98469
0.98525,1.00394,0.99432,0.96065,0.98464
0.98572,1.00397,0.99424,0.96073,0.98452
0.98509,1.00396,0.99416,0.9608,0.98423
0.98503,1.00396,0.99408,0.96086,0.9841
0.98543,1.00392,0.99399,0.96092,0.98377
0.98529,1.00391,0.9939,0.96092,0.98347
0.98517,1.0039,0.99382,0.96097,0.98316
0.98518,1.00386,0.99373,0.96106,0.98281
0.98438,1.00385,0.99364,0.96125,0.98253
0.98424,1.00384,0.99355,0.96136,0.98228
0.98482,1.00387,0.99346,0.96125,0.98211
0.98498,1.00389,0.99336,0.96133,0.98197
0.98417,1.00389,0.99327,0.96144,0.98173
0.98432,1.00385,0.99318,0.96141,0.98143
0.98411,1.00385,0.99309,0.96137,0.98121
0.98418,1.00383,0.993,0.96139,0.98095
0.98406,1.0038,0.99291,0.96143,0.98076
0.98414,1.00378,0.99283,0.96154,0.98061
0.984,1.00378,0.99274,0.96152,0.98049
0.98441,1.00376,0.99266,0.96163,0.98033
0.98364,1.00376,0.99258,0.96156,0.98022
0.98445,1.00377,0.9925,0.96151,0.98014
0.98451,1.00377,0.99242,0.96138,0.98004
0.98403,1.00379,0.99234,0.96102,0.97993
0.98404,1.00379,0.99227,0.96103,0.97978
0.98451,1.00379,0.9922,0.96107,0.97963
0.98378,1.00382,0.99214,0.96107,0.97953
0.98375,1.0038,0.99207,0.96109,0.97932
0.98444,1.0038,0.99201,0.9612,0.97915
0.98371,1.00377,0.99196,0.9612,0.97894
0.98384,1.00374,0.9919,0.96113,0.97873
0.98309,1.00374,0.99186,0.96108,0.9786
0.98358,1.00373,0.99181,0.96119,0.97847
0.98344,1.00373,0.99177,0.96129,0.97835
0.98306,1.00373,0.99173,0.9613,0.97823
0.98322,1.00372,0.9917,0.96132,0.97812
0.98275,1.00371,0.99166,0.96126,0.978
0.98231,1.00374,0.99164,0.96119,0.97798
0.98276,1.00375,0.99162,0.96129,0.97789
0.98252,1.00378,0.9916,0.96127,0.9779
0.98298,1.00375,0.99158,0.96121,0.97779
0.98249,1.00377,0.99157,0.96122,0.9778
0.98305,1.0038,0.99156,0.96116,0.97784
0.98321,1.00382,0.99156,0.96116,0.9779
0.98319,1.00382,0.99156,0.96118,0.97788
0.98317,1.00381,0.99157,0.96125,0.97785
0.98334,1.0038,0.99157,0.96127,0.97783
0.98348,1.00381,0.99158,0.96133,0.97787
0.98313,1.00383,0.9916,0.96129,0.97794
0.98384,1.00382,0.99162,0.9613,0.97797
0.98385,1.00378,0.99164,0.96134,0.97794
0.98377,1.00375,0.99166,0.96129,0.97792
0.98354,1.00371,0.99169,0.96125,0.97792
0.98343,1.00369,0.99172,0.96128,0.97798
0.98361,1.0037,0.99175,0.96122,0.97811
0.98339,1.00369,0.99179,0.96125,0.97818
0.98343,1.0037,0.99183,0.96127,0.97833
0.98361,1.00369,0.99187,0.96136,0.97843
0.9831,1.0037,0.99191,0.96131,0.9786
0.98317,1.0037,0.99196,0.9614,0.97873
0.98344,1.00373,0.992,0.96135,0.97957
0.9833,1.0037,0.99205,0.9613,0.97958
0.98349,1.00369,0.9921,0.96126,0.97964
0.98343,1.00365,0.99216,0.96133,0.97963
0.9838,1.00366,0.99221,0.96135,0.97975
0.98346,1.00365,0.99227,0.96144,0.97982
0.98383,1.00364,0.99232,0.9614,0.97989
0.98381,1.00363,0.99238,0.9615,0.97998
0.98434,1.00365,0.99244,0.96157,0.98014
0.98358,1.00365,0.9925,0.96159,0.98025
0.98297,1.00365,0.99256,0.96169,0.98039
0.98309,1.00368,0.99262,0.96171,0.9806
0.984,1.00366,0.99268,0.96165,0.98072
0.98412,1.00363,0.99274,0.96165,0.98082
0.98408,1.00364,0.99281,0.96159,0.98099
0.98445,1.00362,0.99287,0.96162,0.98114
0.98417,1.00364,0.99293,0.96171,0.98137
0.98372,1.00365,0.99299,0.96166,0.98156
0.98354,1.00368,0.99305,0.96171,0.98181
0.98368,1.00369,0.9931,0.96166,0.98201
0.98399,1.00372,0.99316,0.96176,0.98244
0.98425,1.00374,0.99322,0.96172,0.98261
0.98356,1.00377,0.99327,0.96175,0.9828
0.98442,1.00377,0.99332,0.96172,0.98293
0.98406,1.00374,0.99337,0.96181,0.98291
0.98365,1.00373,0.99342,0.96193,0.98288
0.98361,1.00373,0.99346,0.96204,0.98288
0.98407,1.00371,0.99351,0.96202,0.98264
0.9841,1.00362,0.99355,0.96198,0.98182
0.98412,1.00364,0.99359,0.96208,0.98184
0.98326,1.00366,0.99362,0.96213,0.98181
0.98399,1.00362,0.99365,0.96223,0.98161
0.98394,1.00357,0.99368,0.96233,0.98134
0.98415,1.00356,0.99371,0.9623,0.98129
0.98363,1.00355,0.99373,0.96227,0.98123
0.98362,1.00355,0.99375,0.96231,0.98119
0.98357,1.00364,0.99376,0.96226,0.98218
0.98374,1.0036,0.99378,0.96223,0.98196
0.98335,1.00358,0.99378,0.96224,0.98177
0.98351,1.00359,0.99379,0.96226,0.98155
0.98274,1.00358,0.99379,0.96223,0.9813
0.98248,1.00353,0.99379,0.96232,0.98094
0.98265,1.00351,0.99378,0.96237,0.98069
0.98236,1.0035,0.99377,0.96247,0.98054
0.98222,1.00349,0.99375,0.96245,0.98026
0.98205,1.00351,0.99373,0.96243,0.98019
0.98212,1.00348,0.99371,0.96247,0.98
0.98225,1.00345,0.99368,0.96244,0.97981
0.98184,1.00346,0.99365,0.96249,0.97973
0.98168,1.00349,0.99362,0.96244,0.97971
0.98061,1.00349,0.99358,0.96234,0.97964
0.98097,1.00346,0.99354,0.96236,0.97952
0.98123,1.00343,0.99349,0.96239,0.97938
0.98108,1.00343,0.99344,0.96241,0.97929
0.98108,1.00343,0.99339,0.96241,0.97923
0.98096,1.00343,0.99333,0.96249,0.97916
0.98157,1.00344,0.99327,0.96245,0.97909
0.98175,1.00344,0.99321,0.96247,0.97899
0.98151,1.00344,0.99315,0.96244,0.97879
0.98134,1.00347,0.99308,0.96243,0.9787
0.98101,1.0035,0.99301,0.9624,0.97862
0.98159,1.00354,0.99294,0.96249,0.97852
0.98156,1.00354,0.99286,0.96254,0.97834
0.98136,1.00358,0.99278,0.96266,0.97825
0.98128,1.00358,0.99271,0.96274,0.97809
0.98069,1.00361,0.99263,0.96278,0.97801
0.98093,1.00362,0.99254,0.96276,0.97796
0.98135,1.0036,0.99246,0.96287,0.97781
0.98159,1.00361,0.99238,0.96308,0.97771
0.98103,1.00359,0.99229,0.96302,0.97758
0.98107,1.00363,0.99221,0.96295,0.97767
0.98127,1.00364,0.99212,0.96302,0.97762
0.98167,1.00365,0.99203,0.96307,0.97754
0.98191,1.00368,0.99195,0.96297,0.97756
0.98104,1.00369,0.99186,0.9629,0.9775
0.98111,1.00372,0.99178,0.9629,0.97752
0.98111,1.00373,0.99169,0.96291,0.97748
0.98095,1.00371,0.99161,0.96297,0.97743
0.98098,1.00372,0.99152,0.96297,0.97748
0.98118,1.0037,0.99144,0.9629,0.97737
0.98191,1.0037,0.99136,0.96287,0.97731
0.98143,1.00373,0.99128,0.96297,0.97732
0.9814,1.0037,0.9912,0.96304,0.97718
0.98171,1.00367,0.99113,0.96306,0.97698
0.98205,1.00367,0.99106,0.96308,0.97684
0.98147,1.00366,0.99098,0.96305,0.97671
0.98257,1.00365,0.99092,0.96307,0.9766
0.98173,1.00364,0.99085,0.96307,0.9765
0.98129,1.00363,0.99079,0.96302,0.97642
0.98231,1.00361,0.99073,0.96304,0.97634
0.98215,1.0036,0.99067,0.96307,0.97626
0.98164,1.00358,0.99061,0.96315,0.9762
0.98206,1.00359,0.99056,0.96324,0.9762
0.98168,1.00358,0.99051,0.96327,0.97616
0.9818,1.00357,0.99047,0.96323,0.97613
0.9822,1.00356,0.99043,0.96327,0.97611
0.98176,1.00352,0.99039,0.96326,0.97603
0.98233,1.00348,0.99036,0.96322,0.97595
0.98208,1.00349,0.99033,0.96322,0.97601
0.98232,1.00346,0.9903,0.96326,0.97595
0.98208,1.00346,0.99027,0.96323,0.976
0.98191,1.00341,0.99025,0.96326,0.97522
0.98219,1.00339,0.99024,0.96329,0.97516
0.98246,1.00338,0.99023,0.96333,0.97513
0.98225,1.0034,0.99022,0.96337,0.97516
0.98211,1.00339,0.99021,0.96339,0.97516
0.98272,1.0034,0.99021,0.96343,0.97518
0.98229,1.00339,0.99021,0.96352,0.97517
0.98276,1.0034,0.99022,0.9635,0.97523
0.98256,1.00337,0.99022,0.96351,0.97517
0.98274,1.00336,0.99023,0.96346,0.97519
0.98249,1.00338,0.99025,0.9634,0.97528
0.98243,1.00335,0.99027,0.96342,0.97525
0.98308,1.00337,0.99029,0.96343,0.97534
0.98254,1.00337,0.99031,0.96343,0.9754
0.98248,1.00336,0.99034,0.96345,0.97545
0.98253,1.00336,0.99037,0.96344,0.9755
0.98247,1.00334,0.9904,0.96342,0.97551
0.98308,1.00337,0.99044,0.96348,0.97566
0.98275,1.00334,0.99048,0.96352,0.97568
0.98301,1.00334,0.99052,0.96359,0.97579
0.98264,1.00335,0.99056,0.96353,0.97571
0.98311,1.00333,0.9906,0.96358,0.97575
0.9826,1.00333,0.99065,0.96364,0.97587
0.98222,1.00333,0.9907,0.9637,0.97599
0.9827,1.00333,0.99075,0.96369,0.9761
0.98192,1.00336,0.99081,0.96366,0.97627
0.98239,1.00338,0.99086,0.96361,0.97646
0.98284,1.00338,0.99092,0.96363,0.97658
0.98221,1.00338,0.99098,0.96366,0.97671
0.98235,1.00336,0.99104,0.96363,0.97682
0.98223,1.00334,0.9911,0.96352,0.9769
0.98212,1.00334,0.99116,0.96341,0.97701
0.98227,1.00338,0.99123,0.96331,0.97731
0.98147,1.00338,0.99129,0.96327,0.97747
0.98185,1.00339,0.99136,0.96327,0.9776
0.98168,1.0034,0.99142,0.9632,0.97774
0.98161,1.00333,0.99149,0.96321,0.97681
0.98185,1.00333,0.99156,0.96316,0.97681
0.98149,1.00335,0.99162,0.96317,0.97687
0.98159,1.00335,0.99169,0.96314,0.97692
0.98144,1.00335,0.99176,0.96321,0.97697
0.98152,1.00335,0.99183,0.96311,0.97703
0.98104,1.00335,0.99189,0.96307,0.9771
0.98091,1.00338,0.99196,0.96295,0.97723
0.98069,1.0034,0.99203,0.96297,0.97735
0.98071,1.00339,0.99209,0.96293,0.97735
0.98105,1.00339,0.99216,0.9629,0.97743
0.98145,1.00342,0.99222,0.96287,0.97757
0.98083,1.00342,0.99228,0.9629,0.97766
0.98113,1.00342,0.99235,0.96288,0.97771
0.98046,1.00344,0.99241,0.96286,0.97779
0.98093,1.00346,0.99247,0.96291,0.97787
0.98085,1.00348,0.99252,0.9628,0.97794
0.9809,1.0035,0.99258,0.96273,0.97802
0.98124,1.00351,0.99263,0.96274,0.97806
0.98054,1.00351,0.99269,0.9627,0.97812
0.98084,1.00352,0.99274,0.96275,0.97819
0.98054,1.00355,0.99279,0.96275,0.97827
0.98073,1.00356,0.99284,0.96281,0.97835
0.98068,1.00356,0.99288,0.96282,0.97842
0.98083,1.00357,0.99292,0.96288,0.97845
0.98074,1.00355,0.99296,0.96292,0.97845
0.9806,1.00357,0.993,0.96298,0.97856
0.98012,1.00357,0.99304,0.96297,0.9786
0.98015,1.00358,0.99307,0.9629,0.97866
0.98029,1.00358,0.99311,0.96287,0.97873
0.98001,1.00357,0.99314,0.96286,0.9787
0.98056,1.00357,0.99316,0.96279,0.97873
0.9805,1.00359,0.99319,0.96259,0.97882
0.98059,1.00361,0.99321,0.96263,0.97891
0.98006,1.0036,0.99323,0.9627,0.97885
0.98004,1.00363,0.99325,0.96264,0.97899
0.9807,1.00363,0.99326,0.96258,0.979
0.9803,1.00362,0.99328,0.96258,0.97895
0.98063,1.0036,0.99329,0.96256,0.9789
0.98034,1.00359,0.99329,0.96255,0.97882
0.98088,1.00357,0.9933,0.96268,0.97876
0.97986,1.00358,0.9933,0.96262,0.97873
0.98046,1.00355,0.99331,0.96266,0.97854
0.98059,1.00356,0.9933,0.96275,0.97852
0.98079,1.00355,0.9933,0.96276,0.97845
0.9807,1.00353,0.9933,0.96268,0.97832
0.98062,1.00354,0.99329,0.96269,0.97829
0.98046,1.00353,0.99328,0.96269,0.97827
0.98054,1.0035,0.99327,0.9627,0.97822
0.98132,1.00349,0.99326,0.96277,0.97822
0.9809,1.00348,0.99324,0.96273,0.97819
0.98151,1.00347,0.99323,0.96268,0.97813
0.98157,1.00343,0.99321,0.96275,0.97802
0.9815,1.00341,0.99319,0.9628,0.978
0.9817,1.0034,0.99317,0.96279,0.97793
0.98155,1.00338,0.99315,0.96273,0.97786
0.9819,1.00336,0.99313,0.96267,0.97779
0.98169,1.00336,0.9931,0.9627,0.97778
0.9816,1.00337,0.99308,0.96272,0.97775
0.98162,1.00335,0.99305,0.96275,0.97768
0.98135,1.00335,0.99303,0.96277,0.97766
0.98186,1.00334,0.993,0.96284,0.97758
0.98185,1.00332,0.99297,0.96282,0.9775
0.9817,1.0033,0.99294,0.96288,0.97744
0.9815,1.00328,0.99291,0.96296,0.97738
0.98141,1.00329,0.99288,0.963,0.97736
0.982,1.0033,0.99285,0.96301,0.97735
0.9819,1.00331,0.99282,0.96308,0.97733
0.9812,1.00327,0.99279,0.96307,0.97722
0.98107,1.00324,0.99276,0.96312,0.97709
0.98131,1.0032,0.99273,0.96303,0.97699
0.98157,1.00321,0.9927,0.96297,0.97698
0.98168,1.0032,0.99267,0.96296,0.97694
0.98157,1.00319,0.99263,0.96291,0.9769
0.98123,1.00318,0.9926,0.96298,0.97687
0.98177,1.00314,0.99257,0.96299,0.97677
0.98151,1.00315,0.99254,0.96298,0.97678
0.98151,1.00314,0.99251,0.96305,0.97673
0.98195,1.00315,0.99248,0.96306,0.97676
0.98145,1.00316,0.99245,0.96312,0.97676
0.98178,1.00317,0.99242,0.96314,0.97677
0.98139,1.00316,0.99239,0.96312,0.97675
0.98124,1.00313,0.99236,0.96315,0.97666
0.98152,1.00314,0.99233,0.9631,0.97669
0.98132,1.00314,0.9923,0.96309,0.97665
0.98116,1.00313,0.99227,0.96318,0.97659
0.98103,1.00315,0.99225,0.96312,0.9766
0.98122,1.00314,0.99222,0.96302,0.97655
0.98118,1.0031,0.99219,0.96297,0.97644
0.98087,1.00312,0.99216,0.9629,0.97644
0.98054,1.0031,0.99214,0.96285,0.97639
0.9811,1.00307,0.99211,0.9628,0.97625
0.98087,1.00308,0.99209,0.96274,0.97624
0.98071,1.00309,0.99206,0.96267,0.97622
0.98095,1.0031,0.99204,0.9626,0.97619
0.98087,1.00312,0.99202,0.96253,0.97617
0.98034,1.00313,0.992,0.96252,0.97616
0.98029,1.00311,0.99197,0.96247,0.97599
0.97992,1.00312,0.99195,0.96242,0.97595
0.98035,1.00314,0.99193,0.96238,0.97597
0.98063,1.00314,0.99191,0.9623,0.97598
0.98016,1.00314,0.99189,0.9622,0.97592
0.98015,1.00316,0.99187,0.96221,0.97598
0.98011,1.00316,0.99185,0.96212,0.97597
0.98027,1.00315,0.99183,0.96214,0.97588
0.97962,1.00317,0.99181,0.96198,0.97591
0.9806,1.0032,0.99179,0.96193,0.97604
0.98016,1.00319,0.99177,0.96189,0.97605
0.9801,1.00318,0.99175,0.96193,0.97592
0.98017,1.00317,0.99173,0.96187,0.97581
0.97983,1.00318,0.99171,0.96142,0.9758
0.98018,1.00318,0.99169,0.96145,0.97574
0.97986,1.00317,0.99167,0.96152,0.97568
0.97977,1.00317,0.99165,0.96149,0.97565
0.98044,1.00317,0.99162,0.9615,0.97553
0.97974,1.00314,0.9916,0.9616,0.97538
0.97963,1.00311,0.99158,0.96156,0.97522
0.97997,1.00309,0.99156,0.9617,0.97512
0.97944,1.00308,0.99153,0.96174,0.97506
0.97962,1.00309,0.99151,0.96178,0.97505
0.97929,1.0031,0.99149,0.96182,0.97499
0.97934,1.00311,0.99146,0.96182,0.97509
0.97956,1.00309,0.99144,0.96194,0.975
0.97955,1.0031,0.99141,0.96193,0.97498
0.9794,1.0031,0.99138,0.962,0.97496
0.97917,1.00311,0.99136,0.96207,0.97495
0.97974,1.00314,0.99133,0.96207,0.975
0.97958,1.00313,0.9913,0.96212,0.97499
0.9794,1.00312,0.99127,0.96216,0.97492
0.97959,1.00311,0.99124,0.9622,0.97491
0.97974,1.00312,0.99121,0.9623,0.97491
0.97995,1.00313,0.99118,0.96243,0.97493
0.97986,1.00315,0.99115,0.96224,0.97497
0.9801,1.00315,0.99112,0.96233,0.97497
0.97994,1.00314,0.99109,0.96236,0.97497
0.98067,1.00316,0.99105,0.96239,0.97506
0.98034,1.00316,0.99102,0.96247,0.97496
0.98051,1.00317,0.99099,0.96263,0.97492
0.98008,1.00316,0.99095,0.96271,0.97487
0.98019,1.00316,0.99092,0.96282,0.97487
0.9806,1.00317,0.99088,0.96292,0.97487
0.98042,1.0032,0.99084,0.96293,0.9749
0.98024,1.0032,0.99081,0.96301,0.97488
0.98064,1.00321,0.99077,0.96313,0.97485
0.98062,1.00322,0.99073,0.96321,0.97489
0.98077,1.00323,0.99069,0.96327,0.97498
0.98024,1.00323,0.99066,0.96334,0.97497
0.98055,1.00324,0.99062,0.9634,0.975
0.98087,1.00326,0.99058,0.96353,0.97504
0.98055,1.00328,0.99054,0.96364,0.97502
0.98047,1.00326,0.9905,0.96364,0.9749
0.98074,1.00324,0.99045,0.96369,0.97479
0.98088,1.00325,0.99041,0.9638,0.97474
0.9807,1.00327,0.99037,0.96385,0.97475
0.98057,1.00327,0.99033,0.9639,0.97465
0.98077,1.00327,0.99028,0.964,0.97457
0.98104,1.00329,0.99024,0.9641,0.97457
0.9809,1.00329,0.9902,0.96419,0.97452
0.98113,1.00328,0.99015,0.96427,0.97444
0.98123,1.00326,0.99011,0.96429,0.97433
0.98105,1.00326,0.99006,0.96433,0.97428
0.98109,1.00326,0.99002,0.96436,0.97423
0.98126,1.00328,0.98997,0.96441,0.97428
0.98115,1.00327,0.98993,0.96444,0.97421
0.98117,1.00329,0.98988,0.96446,0.97422
0.98092,1.00329,0.98984,0.96446,0.97416
0.98091,1.00329,0.98979,0.96444,0.9741
0.98082,1.00326,0.98974,0.96451,0.97398
0.98128,1.00323,0.9897,0.96452,0.97384
0.98158,1.00324,0.98965,0.96453,0.97379
0.98117,1.00326,0.9896,0.96453,0.97373
0.98081,1.00325,0.98956,0.96462,0.97362
0.98087,1.00325,0.98951,0.96463,0.97353
0.98079,1.00324,0.98947,0.96469,0.97343
0.98115,1.00326,0.98942,0.96475,0.97336
0.98139,1.00327,0.98937,0.96474,0.97329
0.98082,1.00327,0.98933,0.96482,0.97321
0.98069,1.00327,0.98928,0.96481,0.97313
0.98065,1.00327,0.98924,0.96476,0.97305
0.98028,1.00326,0.98919,0.96473,0.97296
0.98035,1.00326,0.98915,0.96468,0.97292
0.97976,1.00326,0.98911,0.96463,0.97282
0.97991,1.00327,0.98906,0.96462,0.97276
0.97969,1.00326,0.98902,0.9645,0.97264
0.97892,1.00326,0.98898,0.96448,0.97254
0.97972,1.00325,0.98893,0.96441,0.97246
0.97917,1.00323,0.98889,0.96429,0.97233
0.97981,1.00323,0.98885,0.96425,0.97227
0.9791,1.00323,0.98881,0.96418,0.9722
0.97924,1.00325,0.98878,0.9641,0.97224
0.9793,1.00325,0.98874,0.96405,0.9722
0.97987,1.00325,0.9887,0.964,0.97218
0.97914,1.00328,0.98867,0.96393,0.97225
0.97946,1.00328,0.98863,0.96382,0.9723
0.97919,1.00328,0.9886,0.9638,0.97226
0.97896,1.00326,0.98857,0.96372,0.97216
0.97906,1.00326,0.98854,0.96366,0.97212
0.97916,1.00323,0.98851,0.96358,0.97203
0.97911,1.00323,0.98848,0.96355,0.97197
0.97836,1.00323,0.98845,0.96352,0.97201
0.97849,1.00322,0.98843,0.96344,0.97197
0.97884,1.00323,0.98841,0.96339,0.97187
0.97941,1.00325,0.98838,0.9633,0.97215
0.97914,1.00322,0.98836,0.96321,0.97194
0.97849,1.00318,0.98835,0.96312,0.97172
0.97928,1.00315,0.98833,0.96302,0.97152
0.97922,1.00313,0.98831,0.96297,0.97131
0.97904,1.0031,0.9883,0.96293,0.97102
0.97909,1.00309,0.98829,0.96288,0.97079
0.97871,1.00307,0.98828,0.96274,0.97061
0.97883,1.00304,0.98827,0.96263,0.97047
0.97862,1.00301,0.98827,0.96299,0.97028
0.97862,1.003,0.98826,0.96299,0.97017
0.97835,1.00299,0.98826,0.96288,0.97006
0.97831,1.00296,0.98826,0.96284,0.96988
0.97834,1.00295,0.98826,0.96281,0.96981
0.97861,1.00295,0.98826,0.96272,0.96978
0.97823,1.00297,0.98827,0.96276,0.9698
0.97819,1.00298,0.98827,0.96272,0.96981
0.97792,1.00299,0.98828,0.96275,0.9698
0.97846,1.00297,0.98829,0.96278,0.96975
0.97874,1.00297,0.9883,0.9628,0.96975
0.97859,1.00297,0.98831,0.96278,0.96962
0.97872,1.00298,0.98833,0.96271,0.96964
0.97879,1.00299,0.98834,0.96274,0.96969
0.9784,1.00301,0.98836,0.96273,0.96973
0.97845,1.003,0.98838,0.96271,0.96974
0.97871,1.00301,0.9884,0.96274,0.96979
0.97891,1.00302,0.98842,0.96273,0.96982
0.97888,1.00306,0.98844,0.96266,0.96995
0.97868,1.00308,0.98847,0.96269,0.97
0.97964,1.00308,0.98849,0.96265,0.97005
0.97945,1.0031,0.98852,0.96256,0.97015
0.97897,1.00312,0.98854,0.96286,0.97024
0.97936,1.00314,0.98857,0.9629,0.97033
0.97817,1.00318,0.9886,0.96295,0.97047
0.97856,1.0032,0.98862,0.963,0.97049
0.97862,1.0032,0.98865,0.96305,0.97057
0.9792,1.00321,0.98868,0.96303,0.97067
0.97863,1.00323,0.98871,0.96308,0.9708
0.97892,1.00326,0.98874,0.9631,0.97096
0.97915,1.00327,0.98877,0.96309,0.97107
0.97906,1.00329,0.9888,0.96312,0.97122
0.9786,1.0033,0.98883,0.96308,0.97132
0.97902,1.00335,0.98886,0.96311,0.97151
0.97877,1.00337,0.98889,0.96307,0.97161
0.97903,1.00339,0.98892,0.96313,0.9716
0.97856,1.00341,0.98895,0.96316,0.97171
0.97924,1.00341,0.98898,0.96306,0.97169
0.97875,1.00343,0.98901,0.96307,0.97176
0.979,1.00346,0.98904,0.96309,0.97187
0.97938,1.0035,0.98907,0.96314,0.97202
0.97901,1.00354,0.9891,0.96316,0.97217
0.97913,1.00356,0.98913,0.96317,0.9723
0.97938,1.00356,0.98915,0.96319,0.97237
0.97941,1.00359,0.98918,0.96321,0.97249
0.97942,1.00361,0.98921,0.9632,0.97261
0.97876,1.00362,0.98923,0.96318,0.97272
0.97937,1.00364,0.98925,0.96315,0.97283
0.97962,1.00366,0.98928,0.96318,0.97293
0.97943,1.00368,0.9893,0.96325,0.97302
0.97937,1.00367,0.98932,0.96328,0.97305
0.97928,1.00369,0.98934,0.96327,0.97312
0.97941,1.0037,0.98936,0.96327,0.97312
0.97955,1.00371,0.98938,0.9633,0.97317
0.97934,1.00372,0.9894,0.96333,0.97319
0.97901,1.00371,0.98941,0.96336,0.97317
0.97919,1.00379,0.98943,0.96345,0.97422
0.97952,1.0038,0.98944,0.96345,0.97417
0.97908,1.00382,0.98945,0.96343,0.97415
0.97945,1.00383,0.98946,0.96342,0.97407
0.97949,1.00381,0.98947,0.96347,0.97396
0.97927,1.00382,0.98948,0.9635,0.97395
0.97959,1.00384,0.98949,0.96357,0.97407
0.97913,1.00383,0.98949,0.96357,0.97398
0.97893,1.00383,0.9895,0.96356,0.9739
0.97894,1.00381,0.9895,0.9636,0.97378
0.97929,1.00382,0.9895,0.9636,0.97373
0.97883,1.00382,0.9895,0.96365,0.97364
0.97887,1.00381,0.9895,0.96364,0.97355
0.97862,1.0038,0.9895,0.96367,0.97343
0.97931,1.00379,0.98949,0.9637,0.97328
0.97882,1.00378,0.98949,0.96377,0.9732
0.97875,1.00377,0.98948,0.9638,0.9731
0.97886,1.00377,0.98948,0.96383,0.97307
0.97914,1.00375,0.98947,0.96386,0.97297
0.97919,1.00376,0.98946,0.96397,0.97296
0.97887,1.00375,0.98945,0.96396,0.9729
0.97902,1.00374,0.98943,0.96397,0.97284
0.97871,1.00373,0.98942,0.96398,0.97276
0.97858,1.00371,0.98941,0.96404,0.9726
0.97858,1.00368,0.98939,0.96403,0.97247
0.97876,1.00365,0.98938,0.96402,0.97232
0.97838,1.00364,0.98936,0.96405,0.97218
0.97883,1.00361,0.98934,0.96412,0.97197
0.97828,1.00358,0.98933,0.96409,0.97181
0.97832,1.00358,0.98931,0.96408,0.97175
0.97892,1.00357,0.98929,0.96414,0.97164
0.97848,1.00356,0.98927,0.96416,0.97154
0.97832,1.00354,0.98925,0.96416,0.97144
0.97851,1.00351,0.98924,0.9641,0.97115
0.97835,1.00347,0.98922,0.96411,0.97091
0.97749,1.00344,0.9892,0.96409,0.97075
0.97774,1.0034,0.98918,0.96412,0.97027
0.97743,1.00339,0.98916,0.9641,0.97016
0.97692,1.00338,0.98915,0.96413,0.97002
0.97753,1.00338,0.98913,0.96412,0.96993
0.97733,1.00336,0.98911,0.9641,0.96981
0.97717,1.00333,0.9891,0.96403,0.96965
0.977,1.00331,0.98908,0.96397,0.96952
0.97723,1.0033,0.98907,0.96399,0.96942
0.97662,1.0033,0.98906,0.96402,0.96936
0.97668,1.00331,0.98904,0.96402,0.9693
0.97676,1.00332,0.98903,0.964,0.96926
0.97677,1.0033,0.98902,0.96407,0.96917
0.97658,1.0033,0.98901,0.9641,0.96909
0.97671,1.00329,0.989,0.96415,0.969
0.97655,1.00328,0.98899,0.96415,0.96892
0.97645,1.00327,0.98898,0.96415,0.96884
0.97646,1.00326,0.98897,0.96413,0.96876
0.97615,1.00323,0.98897,0.9641,0.96863
0.97611,1.00322,0.98896,0.96408,0.96857
0.97616,1.00323,0.98895,0.96408,0.96857
0.97591,1.00324,0.98895,0.96412,0.96861
0.97663,1.00325,0.98894,0.96411,0.96861
0.97676,1.00326,0.98894,0.9641,0.96866
0.97637,1.00326,0.98894,0.96409,0.96864
0.97666,1.00327,0.98893,0.96403,0.96866
0.97664,1.00327,0.98893,0.96402,0.96862
0.97644,1.00327,0.98893,0.96402,0.9686
0.97624,1.00327,0.98893,0.96404,0.96859
0.97626,1.00328,0.98893,0.96403,0.96862
0.9762,1.0033,0.98893,0.96402,0.96866
0.97684,1.00329,0.98893,0.96409,0.9686
0.97615,1.00331,0.98893,0.96405,0.96864
0.97614,1.00333,0.98893,0.96403,0.96869
0.97616,1.00331,0.98894,0.96396,0.96865
0.9762,1.00332,0.98894,0.96392,0.96866
0.9765,1.00335,0.98895,0.96385,0.9687
0.9764,1.00337,0.98895,0.96382,0.96875
0.97631,1.00339,0.98896,0.96379,0.96881
0.97646,1.0034,0.98896,0.96377,0.96881
0.97589,1.00342,0.98897,0.96379,0.96887
0.9764,1.00342,0.98898,0.9638,0.96889
0.97634,1.00345,0.98899,0.96381,0.96897
0.97577,1.00345,0.989,0.96375,0.96901
0.97631,1.00345,0.98901,0.96367,0.969
0.97668,1.00351,0.98902,0.96362,0.96899
0.97636,1.00356,0.98903,0.96362,0.96898
0.97619,1.0036,0.98904,0.96369,0.96899
0.9761,1.00362,0.98906,0.96361,0.96901
0.97644,1.00363,0.98907,0.96355,0.96899
0.9762,1.00363,0.98908,0.9635,0.96897
0.97639,1.00363,0.9891,0.96349,0.96896
0.97673,1.00363,0.98912,0.96349,0.96904
0.97603,1.00364,0.98913,0.96345,0.96911
0.97632,1.00363,0.98915,0.96342,0.96911
0.97668,1.00362,0.98917,0.9634,0.96915
0.97585,1.00361,0.98919,0.96343,0.96919
0.97619,1.00359,0.98921,0.96348,0.96917
0.97629,1.00357,0.98923,0.96347,0.96921
0.9761,1.00356,0.98925,0.96342,0.96926
0.97598,1.00356,0.98927,0.96342,0.96937
0.97636,1.00354,0.98929,0.96346,0.96944
0.9762,1.00352,0.98931,0.96346,0.96952
0.9758,1.00349,0.98933,0.96348,0.9696
0.97622,1.00346,0.98936,0.96349,0.96963
0.97554,1.00346,0.98938,0.96347,0.96975
0.97533,1.00335,0.9894,0.96348,0.96864
0.97541,1.00331,0.98943,0.96348,0.96863
0.975,1.00328,0.98945,0.96355,0.96861
0.97485,1.00324,0.98947,0.96358,0.96855
0.97414,1.00322,0.98949,0.96357,0.96854
0.97331,1.00318,0.98952,0.9636,0.96855
0.97356,1.00312,0.98954,0.9636,0.96838
0.97397,1.00309,0.98956,0.96363,0.96834
0.97345,1.00305,0.98958,0.9637,0.96836
0.97299,1.00303,0.98961,0.96374,0.9684
0.97339,1.00298,0.98963,0.96373,0.96839
0.97315,1.00294,0.98965,0.96372,0.96838
0.97362,1.0029,0.98967,0.96375,0.96833
0.97361,1.00286,0.98969,0.96379,0.96833
0.97327,1.00282,0.98971,0.96379,0.96832
0.97258,1.00277,0.98972,0.96383,0.9683
0.97333,1.00273,0.98974,0.9637,0.96826
0.97302,1.00269,0.98976,0.96378,0.96825
0.97301,1.00267,0.98977,0.96384,0.96828
0.97334,1.00263,0.98978,0.96381,0.96821
0.97346,1.0026,0.9898,0.96385,0.96824
0.97379,1.00256,0.98981,0.96385,0.96823
0.97316,1.00252,0.98982,0.96397,0.96823
0.97324,1.00249,0.98983,0.96401,0.96826
0.97341,1.00246,0.98984,0.96409,0.96829
0.97381,1.00244,0.98984,0.96415,0.96832
0.97373,1.00241,0.98985,0.96418,0.96831
0.97365,1.00237,0.98985,0.96417,0.96831
0.97294,1.00236,0.98986,0.96421,0.96835
0.97486,1.00232,0.98986,0.96426,0.96836
0.97359,1.00228,0.98986,0.96429,0.96836
0.97332,1.00226,0.98986,0.9643,0.9684
0.97317,1.00223,0.98986,0.96432,0.96839
0.97938,1.00356,0.98985,0.96436,0.97237
0.97941,1.00359,0.98985,0.96432,0.97249
0.97942,1.00361,0.98984,0.96435,0.97261
0.97876,1.00362,0.98984,0.96436,0.97272
0.97937,1.00364,0.98983,0.96438,0.97283
0.97962,1.00366,0.98982,0.9644,0.97293
0.97943,1.00368,0.98981,0.96438,0.97302
0.97937,1.00367,0.9898,0.96467,0.97305
0.97928,1.00369,0.98978,0.96472,0.97312
0.97941,1.0037,0.98977,0.96474,0.97312
0.97955,1.00371,0.98976,0.96473,0.97317
0.97934,1.00372,0.98974,0.96468,0.97319
0.97901,1.00371,0.98973,0.96473,0.97317
0.97919,1.00379,0.98971,0.96475,0.97422
0.97952,1.0038,0.98969,0.96473,0.97417
0.97908,1.00382,0.98967,0.96473,0.97415
0.97945,1.00383,0.98966,0.96467,0.97407
0.97949,1.00381,0.98964,0.9647,0.97396
0.97927,1.00382,0.98962,0.96467,0.97395
0.97959,1.00384,0.9896,0.96467,0.97407
0.97913,1.00383,0.98958,0.96467,0.97398
0.97893,1.00383,0.98956,0.96466,0.9739
0.97894,1.00381,0.98954,0.96463,0.97378
0.97929,1.00382,0.98951,0.96459,0.97373
0.97883,1.00382,0.98949,0.96461,0.97364
0.97887,1.00381,0.98947,0.96455,0.97355
0.97862,1.0038,0.98945,0.96458,0.97343
0.97931,1.00379,0.98943,0.96457,0.97328
0.97882,1.00378,0.98941,0.96456,0.9732
0.97875,1.00377,0.98939,0.96452,0.9731
0.97886,1.00377,0.98937,0.96447,0.97307
0.97914,1.00375,0.98935,0.96442,0.97297
0.97919,1.00376,0.98933,0.96437,0.97296
0.97887,1.00375,0.98931,0.96431,0.9729
0.97902,1.00374,0.98929,0.96428,0.97284
0.97871,1.00373,0.98927,0.96421,0.97276
0.97858,1.00371,0.98925,0.96423,0.9726
0.97858,1.00368,0.98923,0.96422,0.97247
0.97876,1.00365,0.98922,0.96419,0.97232
0.97838,1.00364,0.9892,0.96417,0.97218
0.97883,1.00361,0.98918,0.9641,0.97197
0.97828,1.00358,0.98917,0.96403,0.97181
0.97832,1.00358,0.98915,0.96397,0.97175
0.97892,1.00357,0.98914,0.96392,0.97164
0.97848,1.00356,0.98913,0.96394,0.97154
0.97832,1.00354,0.98911,0.96392,0.97144
0.97851,1.00351,0.9891,0.96394,0.97115
0.97835,1.00347,0.98909,0.96392,0.97091
0.97749,1.00344,0.98908,0.96386,0.97075
0.97774,1.0034,0.98907,0.96382,0.97027
0.97743,1.00339,0.98906,0.96379,0.97016
0.97692,1.00338,0.98905,0.96382,0.97002
0.97753,1.00338,0.98904,0.96384,0.96993
0.97733,1.00336,0.98903,0.96385,0.96981
0.97717,1.00333,0.98902,0.96384,0.96965
0.977,1.00331,0.98902,0.96383,0.96952
0.97723,1.0033,0.98901,0.96382,0.96942
0.97662,1.0033,0.989,0.96381,0.96936
0.97668,1.00331,0.989,0.9638,0.9693
0.97676,1.00332,0.98899,0.96377,0.96926
0.97677,1.0033,0.98899,0.96371,0.96917
0.97658,1.0033,0.98898,0.96369,0.96909
0.97671,1.00329,0.98898,0.96371,0.969
0.97655,1.00328,0.98898,0.96375,0.96892
0.97645,1.00327,0.98898,0.96374,0.96884
0.97646,1.00326,0.98897,0.96377,0.96876
0.97615,1.00323,0.98897,0.96377,0.96863
0.97611,1.00322,0.98897,0.9638,0.96857
0.97616,1.00323,0.98897,0.96378,0.96857
0.97591,1.00324,0.98897,0.96377,0.96861
0.97663,1.00325,0.98897,0.96377,0.96861
0.97676,1.00326,0.98898,0.9638,0.96866
0.97637,1.00326,0.98898,0.96383,0.96864
0.97666,1.00327,0.98898,0.96379,0.96866
0.97664,1.00327,0.98898,0.96384,0.96862
0.97644,1.00327,0.98899,0.96388,0.9686
0.97624,1.00327,0.98899,0.96384,0.96859
0.97626,1.00328,0.989,0.96385,0.96862
0.9762,1.0033,0.989,0.96389,0.96866
0.97684,1.00329,0.98901,0.96394,0.9686
0.97615,1.00331,0.98901,0.964,0.96864
0.97614,1.00333,0.98902,0.96399,0.96869
0.97616,1.00331,0.98903,0.96403,0.96865
0.9762,1.00332,0.98904,0.96403,0.96866
0.9765,1.00335,0.98904,0.96421,0.9687
0.9764,1.00337,0.98905,0.96424,0.96875
0.97631,1.00339,0.98906,0.96422,0.96881
0.97646,1.0034,0.98907,0.96419,0.96881
0.97589,1.00342,0.98908,0.96417,0.96887
0.9764,1.00342,0.98909,0.96421,0.96889
0.97634,1.00345,0.98909,0.9642,0.96897
0.97577,1.00345,0.9891,0.96419,0.96901
0.97631,1.00345,0.98911,0.96419,0.969
0.97668,1.00351,0.98912,0.96419,0.96899
0.97636,1.00356,0.98913,0.96419,0.96898
0.97619,1.0036,0.98913,0.96423,0.96899
0.9761,1.00362,0.98914,0.96424,0.96901
0.97644,1.00363,0.98915,0.96424,0.96899
0.9762,1.00363,0.98915,0.96425,0.96897
0.97639,1.00363,0.98916,0.96425,0.96896
0.97673,1.00363,0.98917,0.96426,0.96904
0.97603,1.00364,0.98917,0.9643,0.96911
0.97632,1.00363,0.98917,0.96436,0.96911
0.97668,1.00362,0.98918,0.96438,0.96915
0.97585,1.00361,0.98918,0.96442,0.96919
0.97619,1.00359,0.98918,0.96445,0.96917
0.97629,1.00357,0.98918,0.96448,0.96921
0.9761,1.00356,0.98918,0.96454,0.96926
0.97598,1.00356,0.98917,0.96426,0.96937
0.97636,1.00354,0.98917,0.96427,0.96944
0.9762,1.00352,0.98917,0.96428,0.96952
0.9758,1.00349,0.98916,0.96428,0.9696
0.97622,1.00346,0.98916,0.96432,0.96963
0.97554,1.00346,0.98915,0.96432,0.96975
0.97533,1.00335,0.98914,0.9643,0.96864
0.97541,1.00331,0.98913,0.9643,0.96863
0.975,1.00328,0.98912,0.9643,0.96861
0.97485,1.00324,0.98911,0.96434,0.96855
0.97414,1.00322,0.9891,0.96435,0.96854
0.97331,1.00318,0.98909,0.96437,0.96855
0.97356,1.00312,0.98908,0.96437,0.96838
0.97397,1.00309,0.98906,0.96438,0.96834
0.97345,1.00305,0.98905,0.96438,0.96836
0.97299,1.00303,0.98903,0.96438,0.9684
0.97339,1.00298,0.98902,0.9644,0.96839
0.97315,1.00294,0.989,0.9644,0.96838
0.97362,1.0029,0.98899,0.96444,0.96833
0.97361,1.00286,0.98897,0.96444,0.96833
0.97327,1.00282,0.98896,0.96448,0.96832
0.97258,1.00277,0.98894,0.96448,0.9683
0.97333,1.00273,0.98892,0.96449,0.96826
0.97302,1.00269,0.98891,0.96454,0.96825
0.97301,1.00267,0.98889,0.96458,0.96828
0.97334,1.00263,0.98887,0.96463,0.96821
0.97346,1.0026,0.98886,0.96464,0.96824
0.97379,1.00256,0.98884,0.96466,0.96823
0.97316,1.00252,0.98883,0.96471,0.96823
0.97324,1.00249,0.98881,0.96473,0.96826
0.97341,1.00246,0.9888,0.96474,0.96829
0.97381,1.00244,0.98879,0.96479,0.96832
0.97373,1.00241,0.98878,0.96481,0.96831
0.97365,1.00237,0.98877,0.96487,0.96831
0.97294,1.00236,0.98876,0.96494,0.96835
0.97486,1.00232,0.98875,0.965,0.96836
0.97359,1.00228,0.98875,0.96498,0.96836
0.97332,1.00226,0.98875,0.96499,0.9684
0.97317,1.00223,0.98876,0.96504,0.96839
0.97324,1.00221,0.98877,0.96506,0.96841
0.97268,1.00221,0.98878,0.96508,0.96846
0.97263,1.0022,0.9888,0.96514,0.96849
0.97321,1.00217,0.98883,0.96516,0.96842
0.97373,1.00215,0.98885,0.96522,0.96838
0.97353,1.00215,0.98888,0.96524,0.9684
0.97401,1.00214,0.98891,0.96526,0.96839
0.97206,1.00213,0.98895,0.96528,0.96836
0.97231,1.00213,0.98899,0.96529,0.96838
0.97189,1.00212,0.98903,0.96534,0.96834
0.97273,1.00213,0.98907,0.96535,0.96838
0.97278,1.00212,0.98911,0.9654,0.96834
0.97224,1.00212,0.98916,0.9654,0.96832
0.97272,1.00211,0.98921,0.96541,0.96827
0.97267,1.00211,0.98926,0.96546,0.96826
0.97306,1.00212,0.98932,0.96551,0.96825
0.97323,1.00213,0.98937,0.96551,0.96824
0.97306,1.00215,0.98943,0.96551,0.96833
0.97316,1.00215,0.98949,0.96556,0.96827
0.97347,1.00216,0.98956,0.96557,0.96822
0.97366,1.00218,0.98962,0.96558,0.96819
0.97384,1.00221,0.98969,0.96558,0.96817
0.97335,1.00223,0.98976,0.96558,0.96815
0.97322,1.00224,0.98983,0.96562,0.96806
0.97392,1.00228,0.9899,0.96563,0.96801
0.97421,1.0023,0.98997,0.96563,0.96789
0.97366,1.00232,0.99005,0.96562,0.96779
0.97374,1.00234,0.99013,0.96565,0.96766
0.9735,1.00236,0.99021,0.96564,0.96754
0.97416,1.0024,0.99029,0.96563,0.96749
0.97382,1.00242,0.99038,0.96566,0.96736
0.97421,1.00246,0.99047,0.96564,0.96725
0.97345,1.00248,0.99056,0.96562,0.96712
0.97454,1.00252,0.99065,0.96559,0.96703
0.97446,1.00255,0.99074,0.96556,0.96691
0.97449,1.00259,0.99084,0.96554,0.96681
0.97377,1.00265,0.99093,0.96551,0.96676
0.97433,1.0027,0.99103,0.96547,0.96666
0.97397,1.00274,0.99113,0.96544,0.96656
0.97351,1.00279,0.99124,0.96539,0.96646
0.9745,1.00284,0.99134,0.96538,0.96637
0.97389,1.00289,0.99145,0.96537,0.96628
0.97448,1.00294,0.99156,0.96536,0.96619
0.97399,1.00299,0.99168,0.96536,0.96607
0.974,1.00303,0.99179,0.96535,0.96593
0.97445,1.00307,0.99191,0.96535,0.96578
0.97395,1.00314,0.99203,0.96534,0.9657
0.97407,1.00313,0.99215,0.96533,0.96567
0.97438,1.00312,0.99227,0.96533,0.96564
0.97419,1.00314,0.9924,0.96532,0.96562
0.97422,1.00315,0.99252,0.96532,0.9656
0.97462,1.00317,0.99265,0.96531,0.96559
0.97413,1.00319,0.99278,0.96531,0.96558
0.97398,1.0032,0.99292,0.9653,0.96557
0.97375,1.00322,0.99305,0.96529,0.96556
0.97496,1.00324,0.99319,0.96529,0.96556
0.97407,1.00326,0.99333,0.96528,0.96557
0.97507,1.00328,0.99348,0.96528,0.96557
0.97395,1.0033,0.99362,0.96527,0.96558
0.9737,1.00332,0.99377,0.96527,0.9656
0.9745,1.00334,0.99392,0.96526,0.96561
0.97363,1.00336,0.99407,0.96526,0.96563
0.97346,1.00338,0.99423,0.96525,0.96566
0.97397,1.0034,0.99438,0.96525,0.96568
0.97386,1.00342,0.99454,0.96524,0.96572
0.974,1.00344,0.9947,0.96524,0.96575
0.97438,1.00346,0.99487,0.96523,0.96579
0.97362,1.00347,0.99503,0.96523,0.96583
0.97365,1.00349,0.9952,0.96522,0.96587
0.97398,1.00351,0.99537,0.96522,0.96592
0.97391,1.00353,0.99554,0.96521,0.96597
0.97365,1.00354,0.99572,0.96521,0.96603
0.97352,1.00356,0.99589,0.9652,0.96609
0.97331,1.00358,0.99607,0.9652,0.96615
0.97328,1.00359,0.99625,0.96519,0.96622
0.97289,1.00361,0.99644,0.96519,0.96629
0.97365,1.00361,0.99662,0.96518,0.96636
0.97306,1.00362,0.99681,0.96518,0.96644
0.97316,1.00364,0.997,0.96517,0.96652
0.97304,1.00365,0.99719,0.96517,0.9666
0.97303,1.00366,0.99739,0.96517,0.96669
0.973,1.00367,0.99759,0.96516,0.96678
0.97275,1.00368,0.99779,0.96516,0.96687
0.97262,1.00369,0.99799,0.96515,0.96697
0.97246,1.0037,0.99819,0.96515,0.96707
0.97264,1.0037,0.9984,0.96514,0.96718
0.97212,1.0037,0.9986,0.96514,0.96729
0.97275,1.00371,0.99882,0.96513,0.9674
0.97277,1.00371,0.99903,0.96513,0.96751
0.97212,1.00372,0.99924,0.96513,0.96763
0.97185,1.00373,0.99946,0.96577,0.96775
,,,,
,,,,
,,,,
,,,,
,,,,
,,,,
